display_name,city,state,category,license_number,source_url,claimed
THE AQUARIUM PEOPLE,Burbank,CA,aquarium store,0000130823-0001-0,https://data.lacity.org/Administration-Finance/Listing-of-Active-Businesses/6rrh-rzua,false
AQUARIUM CITY,Canoga Park,CA,aquarium store,0000797665-0001-9,https://data.lacity.org/Administration-Finance/Listing-of-Active-Businesses/6rrh-rzua,false
BLUE OCEAN AQUARIUMS,Canoga Park,CA,aquarium store,0002565529-0001-9,https://data.lacity.org/Administration-Finance/Listing-of-Active-Businesses/6rrh-rzua,false
VIVID AQUARIUMS INC.,Canoga Park,CA,aquarium store,0000039012-0001-6,https://data.lacity.org/Administration-Finance/Listing-of-Active-Businesses/6rrh-rzua,false
AQUATIC ART AQUARIUMS,Carpinteria,CA,aquarium store,0002775385-0001-3,https://data.lacity.org/Administration-Finance/Listing-of-Active-Businesses/6rrh-rzua,false
NATURE AQUARIUM,Culver City,CA,aquarium store,0003097124-0001-4,https://data.lacity.org/Administration-Finance/Listing-of-Active-Businesses/6rrh-rzua,false
AQUATIC ILLUSIONS,Granada Hills,CA,aquarium store,0000559038-0001-1,https://data.lacity.org/Administration-Finance/Listing-of-Active-Businesses/6rrh-rzua,false
LA AQUARIUMS,Granada Hills,CA,aquarium store,0003447059-0001-0,https://data.lacity.org/Administration-Finance/Listing-of-Active-Businesses/6rrh-rzua,false
AQUARIUM PLANT DISTRIBUTING LLC,Los Angeles,CA,aquarium store,0003600722-0001-9,https://data.lacity.org/Administration-Finance/Listing-of-Active-Businesses/6rrh-rzua,false
AQUARIUM WORLD,Los Angeles,CA,aquarium store,0002524506-0001-5,https://data.lacity.org/Administration-Finance/Listing-of-Active-Businesses/6rrh-rzua,false
CORAL REEF AQUARIUMS INC,Los Angeles,CA,aquarium store,0002005428-0001-1,https://data.lacity.org/Administration-Finance/Listing-of-Active-Businesses/6rrh-rzua,false
FUMIS TROPICAL FISH,Los Angeles,CA,aquarium store,0000843281-0001-0,https://data.lacity.org/Administration-Finance/Listing-of-Active-Businesses/6rrh-rzua,false
HUNTERCURRENT TIDES AQUARIUMS,Los Angeles,CA,aquarium store,0003348408-0001-1,https://data.lacity.org/Administration-Finance/Listing-of-Active-Businesses/6rrh-rzua,false
MINH'S TROPICAL FISH,Los Angeles,CA,aquarium store,0003451249-0001-5,https://data.lacity.org/Administration-Finance/Listing-of-Active-Businesses/6rrh-rzua,false
PURAVIDA AQUATIC,Los Angeles,CA,aquarium store,0000399788-0001-1,https://data.lacity.org/Administration-Finance/Listing-of-Active-Businesses/6rrh-rzua,false
TOKYO AQUARIUM,Los Angeles,CA,aquarium store,0003270078-0001-0,https://data.lacity.org/Administration-Finance/Listing-of-Active-Businesses/6rrh-rzua,false
TONG'S TROPICAL FISH & PETS,Los Angeles,CA,aquarium store,0003425523-0001-5,https://data.lacity.org/Administration-Finance/Listing-of-Active-Businesses/6rrh-rzua,false
YO'S TROPICAL FISH,Los Angeles,CA,aquarium store,0003518590-0001-8,https://data.lacity.org/Administration-Finance/Listing-of-Active-Businesses/6rrh-rzua,false
ABOVE SEVEN AQUATICS,North Hills,CA,aquarium store,0003504694-0001-9,https://data.lacity.org/Administration-Finance/Listing-of-Active-Businesses/6rrh-rzua,false
DEEP BLUE AQUARIUM AND SERVICE INC,North Hollywood,CA,aquarium store,0002846739-0001-0,https://data.lacity.org/Administration-Finance/Listing-of-Active-Businesses/6rrh-rzua,false
TIDE POOL AQUATICS,Pacific Palisades,CA,aquarium store,0003059119-0001-2,https://data.lacity.org/Administration-Finance/Listing-of-Active-Businesses/6rrh-rzua,false
FIVE STAR AQUARIUM SERVICES,Palmdale,CA,aquarium store,0000602084-0001-3,https://data.lacity.org/Administration-Finance/Listing-of-Active-Businesses/6rrh-rzua,false
NKR AQUATICS,Reseda,CA,aquarium store,0003350833-0001-1,https://data.lacity.org/Administration-Finance/Listing-of-Active-Businesses/6rrh-rzua,false
BLUE EMPIRE REEF,San Diego,CA,aquarium store,2026003695,https://data.sandiego.gov/datasets/business-tax-certificates/,false
PET ZONE TROPICAL FISH,San Diego,CA,aquarium store,2018011117,https://data.sandiego.gov/datasets/business-tax-certificates/,false
Aqua Forest Aquarium,San Francisco,CA,aquarium store,0379420,https://data.sfgov.org/Economy-and-Community/Registered-Business-Locations-San-Francisco/g8m3-pdis,false
Aquarium Tek,San Francisco,CA,aquarium store,0479830,https://data.sfgov.org/Economy-and-Community/Registered-Business-Locations-San-Francisco/g8m3-pdis,false
Assorted Aquatics LLC,San Francisco,CA,aquarium store,1171544,https://data.sfgov.org/Economy-and-Community/Registered-Business-Locations-San-Francisco/g8m3-pdis,false
California Marine Aquariums,San Francisco,CA,aquarium store,0428788,https://data.sfgov.org/Economy-and-Community/Registered-Business-Locations-San-Francisco/g8m3-pdis,false
Fairy Lake Aquarium,San Francisco,CA,aquarium store,0936243,https://data.sfgov.org/Economy-and-Community/Registered-Business-Locations-San-Francisco/g8m3-pdis,false
Ocean Aquarium,San Francisco,CA,aquarium store,0439137,https://data.sfgov.org/Economy-and-Community/Registered-Business-Locations-San-Francisco/g8m3-pdis,false
Seahorse Aquarium,San Francisco,CA,aquarium store,0459123,https://data.sfgov.org/Economy-and-Community/Registered-Business-Locations-San-Francisco/g8m3-pdis,false
Sixth Ave. Aquarium,San Francisco,CA,aquarium store,0460390,https://data.sfgov.org/Economy-and-Community/Registered-Business-Locations-San-Francisco/g8m3-pdis,false
7 SEAS TROPICAL FISH,San Pedro,CA,aquarium store,0000725877-0001-9,https://data.lacity.org/Administration-Finance/Listing-of-Active-Businesses/6rrh-rzua,false
AQUARIUM VILLAGE,Valley Village,CA,aquarium store,0000277234-0001-1,https://data.lacity.org/Administration-Finance/Listing-of-Active-Businesses/6rrh-rzua,false
ANDERSON AQUATICS,Van Nuys,CA,aquarium store,0002982896-0001-8,https://data.lacity.org/Administration-Finance/Listing-of-Active-Businesses/6rrh-rzua,false
BEYOND THE SEA AQUARIUMS AND PONDS CORP.,Van Nuys,CA,aquarium store,0003208004-0001-0,https://data.lacity.org/Administration-Finance/Listing-of-Active-Businesses/6rrh-rzua,false
ATLANTIS AQUARIUM SERVICE,West Hills,CA,aquarium store,0003210519-0001-5,https://data.lacity.org/Administration-Finance/Listing-of-Active-Businesses/6rrh-rzua,false
TANNIN AQUATICS,Woodland Hills,CA,aquarium store,0002878717-0001-7,https://data.lacity.org/Administration-Finance/Listing-of-Active-Businesses/6rrh-rzua,false
EMMONS TROPICAL FISH,Simsbury,CT,aquarium store,PSF.000187,https://data.ct.gov/Business/State-Licenses-and-Credentials/ngch-56tr,false
GREENBANK AQUARIUM,Wilmington,DE,aquarium store,2026703591,https://data.delaware.gov/Licenses-and-Certifications/Delaware-Business-Licenses/5zy2-grhr,false
ORD Aquatics,Bensenville,IL,aquarium store,079-15118,https://apps.agr.illinois.gov/AEM/licenselist.php?facc=PETSHOP%20OPERATOR,false
Sailfin Pet Shop,Champaign,IL,aquarium store,079-15171,https://apps.agr.illinois.gov/AEM/licenselist.php?facc=PETSHOP%20OPERATOR,false
Acuario Piscis,Chicago,IL,aquarium store,079-14005,https://apps.agr.illinois.gov/AEM/licenselist.php?facc=PETSHOP%20OPERATOR,false
Aquatic Oasis LLC,Chicago,IL,aquarium store,079-15122,https://apps.agr.illinois.gov/AEM/licenselist.php?facc=PETSHOP%20OPERATOR,false
Aquatic World,Chicago,IL,aquarium store,079-8507,https://apps.agr.illinois.gov/AEM/licenselist.php?facc=PETSHOP%20OPERATOR,false
BIG FISH AQUARIUM,Chicago,IL,aquarium store,3086668,https://data.cityofchicago.org/Community-Economic-Development/Business-Licenses-Current-Active/uupf-x98q,false
BLUE PLANET AQUARIUM SERVICES,Chicago,IL,aquarium store,2841383,https://data.cityofchicago.org/Community-Economic-Development/Business-Licenses-Current-Active/uupf-x98q,false
ENGLEWOOD AQUATICS PET SUPPLY LLC,Chicago,IL,aquarium store,2882164,https://data.cityofchicago.org/Community-Economic-Development/Business-Licenses-Current-Active/uupf-x98q,false
Golden's Tropical World,Chicago,IL,aquarium store,079-3937,https://apps.agr.illinois.gov/AEM/licenselist.php?facc=PETSHOP%20OPERATOR,false
HARDY AQUATICS & PETS,Chicago,IL,aquarium store,2952544,https://data.cityofchicago.org/Community-Economic-Development/Business-Licenses-Current-Active/uupf-x98q,false
OCEAN CITY AQUARIUMS,Chicago,IL,aquarium store,3026512,https://data.cityofchicago.org/Community-Economic-Development/Business-Licenses-Current-Active/uupf-x98q,false
"Ocean Design Aquarium, INC",Chicago,IL,aquarium store,079-14179,https://apps.agr.illinois.gov/AEM/licenselist.php?facc=PETSHOP%20OPERATOR,false
Old Town Aquarium,Chicago,IL,aquarium store,079-8763,https://apps.agr.illinois.gov/AEM/licenselist.php?facc=PETSHOP%20OPERATOR,false
Tank It Easy,Chicago,IL,aquarium store,079-14801,https://apps.agr.illinois.gov/AEM/licenselist.php?facc=PETSHOP%20OPERATOR,false
J Squared Aquatics,Clinton,IL,aquarium store,079-15164,https://apps.agr.illinois.gov/AEM/licenselist.php?facc=PETSHOP%20OPERATOR,false
Exotic Fish Guy LLC,Creve Coeur,IL,aquarium store,079-15169,https://apps.agr.illinois.gov/AEM/licenselist.php?facc=PETSHOP%20OPERATOR,false
Fish Planet,Deerfield,IL,aquarium store,079-15195,https://apps.agr.illinois.gov/AEM/licenselist.php?facc=PETSHOP%20OPERATOR,false
Prism Bettas,Dekalb,IL,aquarium store,079-15097,https://apps.agr.illinois.gov/AEM/licenselist.php?facc=PETSHOP%20OPERATOR,false
Somethin Fishy Fox Lake LLC,Fox Lake,IL,aquarium store,079-15179,https://apps.agr.illinois.gov/AEM/licenselist.php?facc=PETSHOP%20OPERATOR,false
Advanced Aquatics,Frankfort,IL,aquarium store,079-15196,https://apps.agr.illinois.gov/AEM/licenselist.php?facc=PETSHOP%20OPERATOR,false
Custom Aquarium Services,Grayslake,IL,aquarium store,079-8732,https://apps.agr.illinois.gov/AEM/licenselist.php?facc=PETSHOP%20OPERATOR,false
"Aqua-Safari, Inc.",Inverness,IL,aquarium store,079-6882,https://apps.agr.illinois.gov/AEM/licenselist.php?facc=PETSHOP%20OPERATOR,false
Midwest Tropical Fish and Pets llc,Jerseyville,IL,aquarium store,079-14373,https://apps.agr.illinois.gov/AEM/licenselist.php?facc=PETSHOP%20OPERATOR,false
Reefwise,Lisle,IL,aquarium store,079-15144,https://apps.agr.illinois.gov/AEM/licenselist.php?facc=PETSHOP%20OPERATOR,false
Datz Cichlids and Reptiles,McHenry,IL,aquarium store,079-15194,https://apps.agr.illinois.gov/AEM/licenselist.php?facc=PETSHOP%20OPERATOR,false
Sho Tank Aquariums,Mundelein,IL,aquarium store,079-14939,https://apps.agr.illinois.gov/AEM/licenselist.php?facc=PETSHOP%20OPERATOR,false
Blue Line Coral,Naperville,IL,aquarium store,079-15081,https://apps.agr.illinois.gov/AEM/licenselist.php?facc=PETSHOP%20OPERATOR,false
Reef Plus,North Aurora,IL,aquarium store,079-11152,https://apps.agr.illinois.gov/AEM/licenselist.php?facc=PETSHOP%20OPERATOR,false
A Aquatic Works Limited,Northbrook,IL,aquarium store,079-15050,https://apps.agr.illinois.gov/AEM/licenselist.php?facc=PETSHOP%20OPERATOR,false
King Louies Aquatics Pet Store LLC,Northbrook,IL,aquarium store,079-15187,https://apps.agr.illinois.gov/AEM/licenselist.php?facc=PETSHOP%20OPERATOR,false
Reef Geeks of Chicago,Northbrook,IL,aquarium store,079-15170,https://apps.agr.illinois.gov/AEM/licenselist.php?facc=PETSHOP%20OPERATOR,false
"Chris' Tropical Treasures, Inc.",Northlake,IL,aquarium store,079-8067,https://apps.agr.illinois.gov/AEM/licenselist.php?facc=PETSHOP%20OPERATOR,false
Oak Park Natural Pet & Fish,Oak Park,IL,aquarium store,079-15087,https://apps.agr.illinois.gov/AEM/licenselist.php?facc=PETSHOP%20OPERATOR,false
Exotic Discus LLC,Orland Park,IL,aquarium store,079-14929,https://apps.agr.illinois.gov/AEM/licenselist.php?facc=PETSHOP%20OPERATOR,false
Nu Aqua LLC,Orland Park,IL,aquarium store,079-15158,https://apps.agr.illinois.gov/AEM/licenselist.php?facc=PETSHOP%20OPERATOR,false
650 Ocean's Reef Inc.,Palatine,IL,aquarium store,079-15137,https://apps.agr.illinois.gov/AEM/licenselist.php?facc=PETSHOP%20OPERATOR,false
Aquarium Obsessions,Peoria,IL,aquarium store,079-14186,https://apps.agr.illinois.gov/AEM/licenselist.php?facc=PETSHOP%20OPERATOR,false
Lucy's Tropical Fish by the River,Peoria,IL,aquarium store,079-15186,https://apps.agr.illinois.gov/AEM/licenselist.php?facc=PETSHOP%20OPERATOR,false
The Fish Geek,Peoria,IL,aquarium store,079-15142,https://apps.agr.illinois.gov/AEM/licenselist.php?facc=PETSHOP%20OPERATOR,false
Roe Aquarium and Pet Co,Rock Island,IL,aquarium store,079-5254,https://apps.agr.illinois.gov/AEM/licenselist.php?facc=PETSHOP%20OPERATOR,false
Beyond The Reef,Schaumburg,IL,aquarium store,079-8904,https://apps.agr.illinois.gov/AEM/licenselist.php?facc=PETSHOP%20OPERATOR,false
Supreme Cichlid,Shorewood,IL,aquarium store,079-15174,https://apps.agr.illinois.gov/AEM/licenselist.php?facc=PETSHOP%20OPERATOR,false
Natures Fins and Foliage,Springfield,IL,aquarium store,079-15190,https://apps.agr.illinois.gov/AEM/licenselist.php?facc=PETSHOP%20OPERATOR,false
The Fishman Pet Center,Springfield,IL,aquarium store,079-15181,https://apps.agr.illinois.gov/AEM/licenselist.php?facc=PETSHOP%20OPERATOR,false
Aquatica Tinley Park,Tinley Park,IL,aquarium store,079-15151,https://apps.agr.illinois.gov/AEM/licenselist.php?facc=PETSHOP%20OPERATOR,false
Nation Wide Aquatics,Tinley Park,IL,aquarium store,079-15157,https://apps.agr.illinois.gov/AEM/licenselist.php?facc=PETSHOP%20OPERATOR,false
Rob's Aquatics,Tinley Park,IL,aquarium store,079-14442,https://apps.agr.illinois.gov/AEM/licenselist.php?facc=PETSHOP%20OPERATOR,false
AJ AQUATICS INC,Amarillo,TX,aquarium store,32067200686-1,https://data.texas.gov/Government-and-Taxes/Active-Sales-Tax-Permit-Holders/jrea-zgmq,false
GREEN RIVER AQUATICS LLC,Amarillo,TX,aquarium store,32076345795-1,https://data.texas.gov/Government-and-Taxes/Active-Sales-Tax-Permit-Holders/jrea-zgmq,false
DOWN SOUTH REEFING,Angleton,TX,aquarium store,32105550142-1,https://data.texas.gov/Government-and-Taxes/Active-Sales-Tax-Permit-Holders/jrea-zgmq,false
CHAMPIONS TROPICAL FISH ROOM,Arlington,TX,aquarium store,32057227830-3,https://data.texas.gov/Government-and-Taxes/Active-Sales-Tax-Permit-Holders/jrea-zgmq,false
DFW AQUARIUM SUPPLIES,Arlington,TX,aquarium store,32007634937-1,https://data.texas.gov/Government-and-Taxes/Active-Sales-Tax-Permit-Holders/jrea-zgmq,false
"VIBRANT AQUARIUMS, LLC",Aubrey,TX,aquarium store,32079705243-1,https://data.texas.gov/Government-and-Taxes/Active-Sales-Tax-Permit-Holders/jrea-zgmq,false
RIVER CITY AQUATICS LLC,Austin,TX,aquarium store,32068735185-1,https://data.texas.gov/Government-and-Taxes/Active-Sales-Tax-Permit-Holders/jrea-zgmq,false
DUKE'S TROPICAL FISH,Azle,TX,aquarium store,32033821763-1,https://data.texas.gov/Government-and-Taxes/Active-Sales-Tax-Permit-Holders/jrea-zgmq,false
SEA SQUARED AQUATICS,Belton,TX,aquarium store,32106004669-1,https://data.texas.gov/Government-and-Taxes/Active-Sales-Tax-Permit-Holders/jrea-zgmq,false
FRESHWATER AQUARIUMS FOR OTHERS,Canton,TX,aquarium store,32056421780-2,https://data.texas.gov/Government-and-Taxes/Active-Sales-Tax-Permit-Holders/jrea-zgmq,false
REDS REEF,Carrollton,TX,aquarium store,32066380679-1,https://data.texas.gov/Government-and-Taxes/Active-Sales-Tax-Permit-Holders/jrea-zgmq,false
AQUARIUMSTOREDEPOT,Cedar Park,TX,aquarium store,32056204236-1,https://data.texas.gov/Government-and-Taxes/Active-Sales-Tax-Permit-Holders/jrea-zgmq,false
TINY AQUATICS,Cedar Park,TX,aquarium store,32070254050-4,https://data.texas.gov/Government-and-Taxes/Active-Sales-Tax-Permit-Holders/jrea-zgmq,false
AQUARIUM SHOP,Celina,TX,aquarium store,30117264850-4,https://data.texas.gov/Government-and-Taxes/Active-Sales-Tax-Permit-Holders/jrea-zgmq,false
LIVING SYSTEMS AQUATICS,Celina,TX,aquarium store,32104312379-1,https://data.texas.gov/Government-and-Taxes/Active-Sales-Tax-Permit-Holders/jrea-zgmq,false
DAVE'S RARE AQUARIUM FISH,Cibolo,TX,aquarium store,32019109407-2,https://data.texas.gov/Government-and-Taxes/Active-Sales-Tax-Permit-Holders/jrea-zgmq,false
AQUARIUM CREATIONS,Conroe,TX,aquarium store,32006539541-1,https://data.texas.gov/Government-and-Taxes/Active-Sales-Tax-Permit-Holders/jrea-zgmq,false
COASTAL CORALS AND AQUATICS,Corpus Christi,TX,aquarium store,32107505771-1,https://data.texas.gov/Government-and-Taxes/Active-Sales-Tax-Permit-Holders/jrea-zgmq,false
CORPUS CRISPY AQUATICS LLC,Corpus Christi,TX,aquarium store,32105721966-1,https://data.texas.gov/Government-and-Taxes/Active-Sales-Tax-Permit-Holders/jrea-zgmq,false
HOLY REEFS LLC,Corpus Christi,TX,aquarium store,32096394690-1,https://data.texas.gov/Government-and-Taxes/Active-Sales-Tax-Permit-Holders/jrea-zgmq,false
SALTY AQUATICS & FISH,Corpus Christi,TX,aquarium store,32073516844-1,https://data.texas.gov/Government-and-Taxes/Active-Sales-Tax-Permit-Holders/jrea-zgmq,false
TROPICAL FISH HAVEN,Corpus Christi,TX,aquarium store,32047753994-1,https://data.texas.gov/Government-and-Taxes/Active-Sales-Tax-Permit-Holders/jrea-zgmq,false
PROFESSIONAL AQUATIC SUPPLY INC,Dallas,TX,aquarium store,17521770887-5,https://data.texas.gov/Government-and-Taxes/Active-Sales-Tax-Permit-Holders/jrea-zgmq,false
FISHMAN AQUARIUM CO,Denton,TX,aquarium store,32049807335-1,https://data.texas.gov/Government-and-Taxes/Active-Sales-Tax-Permit-Holders/jrea-zgmq,false
"OUTER LIMIT REEF & EXOTICS, LLC",Desoto,TX,aquarium store,32073946819-1,https://data.texas.gov/Government-and-Taxes/Active-Sales-Tax-Permit-Holders/jrea-zgmq,false
KILLER AQUATIC,El Cenizo,TX,aquarium store,32092221905-1,https://data.texas.gov/Government-and-Taxes/Active-Sales-Tax-Permit-Holders/jrea-zgmq,false
GM REEF,El Paso,TX,aquarium store,32030013141-1,https://data.texas.gov/Government-and-Taxes/Active-Sales-Tax-Permit-Holders/jrea-zgmq,false
PLANET REEF,El Paso,TX,aquarium store,32039742146-2,https://data.texas.gov/Government-and-Taxes/Active-Sales-Tax-Permit-Holders/jrea-zgmq,false
REEF JUICE,Flower Mound,TX,aquarium store,32104593770-1,https://data.texas.gov/Government-and-Taxes/Active-Sales-Tax-Permit-Holders/jrea-zgmq,false
BINZ AQUATICS LLC,Forney,TX,aquarium store,32100928624-1,https://data.texas.gov/Government-and-Taxes/Active-Sales-Tax-Permit-Holders/jrea-zgmq,false
AQUATIC DREAMS,Fort Worth,TX,aquarium store,32085657834-1,https://data.texas.gov/Government-and-Taxes/Active-Sales-Tax-Permit-Holders/jrea-zgmq,false
ISAAN AQUATICS,Granbury,TX,aquarium store,32103817485-1,https://data.texas.gov/Government-and-Taxes/Active-Sales-Tax-Permit-Holders/jrea-zgmq,false
MARAIST'S TROPICAL FISH,Groves,TX,aquarium store,32041082481-2,https://data.texas.gov/Government-and-Taxes/Active-Sales-Tax-Permit-Holders/jrea-zgmq,false
BULIOS AQUATICS LLC,Haltom City,TX,aquarium store,32103193226-1,https://data.texas.gov/Government-and-Taxes/Active-Sales-Tax-Permit-Holders/jrea-zgmq,false
"RIFT TO REEF AQUATICS, LLC",Highland Village,TX,aquarium store,32025175095-3,https://data.texas.gov/Government-and-Taxes/Active-Sales-Tax-Permit-Holders/jrea-zgmq,false
360 AQUATIC SOLUTIONS INC,Houston,TX,aquarium store,32087404607-2,https://data.texas.gov/Government-and-Taxes/Active-Sales-Tax-Permit-Holders/jrea-zgmq,false
AMERICAN TOP AQUATIC LLC,Houston,TX,aquarium store,32062377588-2,https://data.texas.gov/Government-and-Taxes/Active-Sales-Tax-Permit-Holders/jrea-zgmq,false
AQUARIUM PLANTS OF AMERICA LLC,Houston,TX,aquarium store,32098470423-1,https://data.texas.gov/Government-and-Taxes/Active-Sales-Tax-Permit-Holders/jrea-zgmq,false
FISH & REEF LLC,Houston,TX,aquarium store,32079423623-1,https://data.texas.gov/Government-and-Taxes/Active-Sales-Tax-Permit-Holders/jrea-zgmq,false
FJW AQUARIUM,Houston,TX,aquarium store,32011216333-3,https://data.texas.gov/Government-and-Taxes/Active-Sales-Tax-Permit-Holders/jrea-zgmq,false
HOUSTON AQUATICS,Houston,TX,aquarium store,32010589714-6,https://data.texas.gov/Government-and-Taxes/Active-Sales-Tax-Permit-Holders/jrea-zgmq,false
NEMO & FRIENDS AQUARIUMS,Houston,TX,aquarium store,32072351870-1,https://data.texas.gov/Government-and-Taxes/Active-Sales-Tax-Permit-Holders/jrea-zgmq,false
"RAY'S TROPICAL FISH, LLC",Houston,TX,aquarium store,32063354149-1,https://data.texas.gov/Government-and-Taxes/Active-Sales-Tax-Permit-Holders/jrea-zgmq,false
REHOBOTH AQUATICS,Humble,TX,aquarium store,32014463650-2,https://data.texas.gov/Government-and-Taxes/Active-Sales-Tax-Permit-Holders/jrea-zgmq,false
FINESSENCE AQUATICS,Irving,TX,aquarium store,32097138757-1,https://data.texas.gov/Government-and-Taxes/Active-Sales-Tax-Permit-Holders/jrea-zgmq,false
REEF JUICE LLC,Irving,TX,aquarium store,32104417806-1,https://data.texas.gov/Government-and-Taxes/Active-Sales-Tax-Permit-Holders/jrea-zgmq,false
AMERICAN AQUATICS,Lubbock,TX,aquarium store,32066618318-1,https://data.texas.gov/Government-and-Taxes/Active-Sales-Tax-Permit-Holders/jrea-zgmq,false
PATRIOT REEF AQUATICS LLC,Magnolia,TX,aquarium store,32105983087-1,https://data.texas.gov/Government-and-Taxes/Active-Sales-Tax-Permit-Holders/jrea-zgmq,false
THE REEF VAULT LLC,Magnolia,TX,aquarium store,32098622833-1,https://data.texas.gov/Government-and-Taxes/Active-Sales-Tax-Permit-Holders/jrea-zgmq,false
AQUARIUM ISLANDS LLC,Manvel,TX,aquarium store,32095110832-1,https://data.texas.gov/Government-and-Taxes/Active-Sales-Tax-Permit-Holders/jrea-zgmq,false
COMANCHE CREEK AQUATICS & MORE,Marble Falls,TX,aquarium store,32006787504-3,https://data.texas.gov/Government-and-Taxes/Active-Sales-Tax-Permit-Holders/jrea-zgmq,false
"REEF VALLEY, LLC",Mcallen,TX,aquarium store,32048747755-2,https://data.texas.gov/Government-and-Taxes/Active-Sales-Tax-Permit-Holders/jrea-zgmq,false
NORTH TEXAS AQUARIUM LLC,Mckinney,TX,aquarium store,32043023806-6,https://data.texas.gov/Government-and-Taxes/Active-Sales-Tax-Permit-Holders/jrea-zgmq,false
AQUARIUM TECHNOLOGIES,Midland,TX,aquarium store,32008904164-6,https://data.texas.gov/Government-and-Taxes/Active-Sales-Tax-Permit-Holders/jrea-zgmq,false
MIDLOTHIAN REEF SPECIALIST LLC,Midlothian,TX,aquarium store,32105523875-1,https://data.texas.gov/Government-and-Taxes/Active-Sales-Tax-Permit-Holders/jrea-zgmq,false
TEXAS AQUATICS,North Richland Hills,TX,aquarium store,32079039353-1,https://data.texas.gov/Government-and-Taxes/Active-Sales-Tax-Permit-Holders/jrea-zgmq,false
INFINITE AQUATICS,Pasadena,TX,aquarium store,32075255979-1,https://data.texas.gov/Government-and-Taxes/Active-Sales-Tax-Permit-Holders/jrea-zgmq,false
HAUS OF REEF,Pharr,TX,aquarium store,32106510848-1,https://data.texas.gov/Government-and-Taxes/Active-Sales-Tax-Permit-Holders/jrea-zgmq,false
EXOTIC AQUATICS INC,Plano,TX,aquarium store,32020094754-1,https://data.texas.gov/Government-and-Taxes/Active-Sales-Tax-Permit-Holders/jrea-zgmq,false
TACTICAL REEF,Richardson,TX,aquarium store,32088434405-1,https://data.texas.gov/Government-and-Taxes/Active-Sales-Tax-Permit-Holders/jrea-zgmq,false
"LIMITLESS AQUATICS, LLC",Richmond,TX,aquarium store,32072621025-1,https://data.texas.gov/Government-and-Taxes/Active-Sales-Tax-Permit-Holders/jrea-zgmq,false
FIN-DA-MENTAL TROPICAL FISH,Rockwall,TX,aquarium store,32006092582-2,https://data.texas.gov/Government-and-Taxes/Active-Sales-Tax-Permit-Holders/jrea-zgmq,false
TINY AQUATICS L.L.C.,Round Rock,TX,aquarium store,32070254050-3,https://data.texas.gov/Government-and-Taxes/Active-Sales-Tax-Permit-Holders/jrea-zgmq,false
A-Z AQUATIC LLC,Royse City,TX,aquarium store,32069975038-1,https://data.texas.gov/Government-and-Taxes/Active-Sales-Tax-Permit-Holders/jrea-zgmq,false
AQUATIC EDGE,San Angelo,TX,aquarium store,32015543500-2,https://data.texas.gov/Government-and-Taxes/Active-Sales-Tax-Permit-Holders/jrea-zgmq,false
DAVE'S RARE AQUARIUM FISH,San Antonio,TX,aquarium store,32019109407-1,https://data.texas.gov/Government-and-Taxes/Active-Sales-Tax-Permit-Holders/jrea-zgmq,false
ELEGANT REEF,San Antonio,TX,aquarium store,32053045863-1,https://data.texas.gov/Government-and-Taxes/Active-Sales-Tax-Permit-Holders/jrea-zgmq,false
"LONE STAR AQUARIUMS, LLC",San Antonio,TX,aquarium store,32091202427-1,https://data.texas.gov/Government-and-Taxes/Active-Sales-Tax-Permit-Holders/jrea-zgmq,false
PAPA JIM'S TROPICAL FISH,San Antonio,TX,aquarium store,32014497013-1,https://data.texas.gov/Government-and-Taxes/Active-Sales-Tax-Permit-Holders/jrea-zgmq,false
SALTY FISH AQUARIUMS,San Antonio,TX,aquarium store,32051806720-1,https://data.texas.gov/Government-and-Taxes/Active-Sales-Tax-Permit-Holders/jrea-zgmq,false
SEA HARE AQUATICS,San Antonio,TX,aquarium store,32080253431-1,https://data.texas.gov/Government-and-Taxes/Active-Sales-Tax-Permit-Holders/jrea-zgmq,false
SOUTHSIDE AQUATICS,San Antonio,TX,aquarium store,32014556677-1,https://data.texas.gov/Government-and-Taxes/Active-Sales-Tax-Permit-Holders/jrea-zgmq,false
DOMS AQUARIUMS,San Marcos,TX,aquarium store,32106379350-1,https://data.texas.gov/Government-and-Taxes/Active-Sales-Tax-Permit-Holders/jrea-zgmq,false
"MAH AQUATICS, LLC",Seabrook,TX,aquarium store,32072794905-1,https://data.texas.gov/Government-and-Taxes/Active-Sales-Tax-Permit-Holders/jrea-zgmq,false
CERBERUS AQUATICS,Slaton,TX,aquarium store,32096680643-1,https://data.texas.gov/Government-and-Taxes/Active-Sales-Tax-Permit-Holders/jrea-zgmq,false
THAT AQUARIUM PLACE,Spring,TX,aquarium store,32002897133-3,https://data.texas.gov/Government-and-Taxes/Active-Sales-Tax-Permit-Holders/jrea-zgmq,false
FRANK'S AQUARIUM PRODUCTS,Springtown,TX,aquarium store,32078692814-1,https://data.texas.gov/Government-and-Taxes/Active-Sales-Tax-Permit-Holders/jrea-zgmq,false
NORTH WACO TROPICAL FISH,Waco,TX,aquarium store,32063713427-1,https://data.texas.gov/Government-and-Taxes/Active-Sales-Tax-Permit-Holders/jrea-zgmq,false
AQUARIUM CO-OP,Edmonds,WA,aquarium store,2022705256,https://data.delaware.gov/Licenses-and-Certifications/Delaware-Business-Licenses/5zy2-grhr,false
AQUARIUM ZEN,Seattle,WA,aquarium store,0007539280664814,https://data.seattle.gov/City-Administration/Active-Business-License-Tax-Certificate/wnbq-64tb,false
AQUARIUM CONCEPTS INC,Shoreline,WA,aquarium store,0005319220534862,https://data.seattle.gov/City-Administration/Active-Business-License-Tax-Certificate/wnbq-64tb,false
WESTERN AQUATIC ANIMAL VETERINARY SERVICE,San Diego,CA,aquatic veterinarian,2000003062,https://data.sandiego.gov/datasets/business-tax-certificates/,false
"Andrew Martin, DVM",Alma Center,WI,aquatic veterinarian,,https://datcp.wi.gov/Documents/FishHealthInspectors.pdf,false
"Robert K. Smith, DVM",Clayton,WI,aquatic veterinarian,,https://datcp.wi.gov/Documents/FishHealthInspectors.pdf,false
"Paul Polzin, DVM",Denmark,WI,aquatic veterinarian,,https://datcp.wi.gov/Documents/FishHealthInspectors.pdf,false
"David M. Vandever, DVM",Franklin,WI,aquatic veterinarian,,https://datcp.wi.gov/Documents/FishHealthInspectors.pdf,false
"Roberta Riedi, DVM",Green Bay,WI,aquatic veterinarian,,https://datcp.wi.gov/Documents/FishHealthInspectors.pdf,false
"Craig Johnson, DVM",Menomonie,WI,aquatic veterinarian,,https://datcp.wi.gov/Documents/FishHealthInspectors.pdf,false
"John Rathje, DVM",Mt Horeb,WI,aquatic veterinarian,,https://datcp.wi.gov/Documents/FishHealthInspectors.pdf,false
"Richard L. Jones-Witthuhn, DVM",River Falls,WI,aquatic veterinarian,,https://datcp.wi.gov/Documents/FishHealthInspectors.pdf,false
TOP HAT AQUARIUM INC,Cutler Bay,FL,aquarium store,2019198,https://gisweb.miamidade.gov/GISSelfServices/Data/HTML/LocalBusinessTax.htm,false
WILDER AQUATICS LLC,Cutler Bay,FL,aquarium store,7693621,https://gisweb.miamidade.gov/GISSelfServices/Data/HTML/LocalBusinessTax.htm,false
Oceans Reefs and Aquariums LLC,Fort Pierce,FL,aquarium store,36106051,https://forms.agr.georgia.gov/LicenseSearch,false
"GREEN LEAF AQUARIUMS, LLC",Gainesville,FL,aquarium store,34686,https://data.cityofgainesville.org/Business-Economy/Active-and-Inactive-Businesses/hk2b-em59,false
DREAM AQUARIUM 1 CORP,Hialeah,FL,aquarium store,7496260,https://gisweb.miamidade.gov/GISSelfServices/Data/HTML/LocalBusinessTax.htm,false
FRANK AQUARIUMS INC,Hialeah,FL,aquarium store,7565466,https://gisweb.miamidade.gov/GISSelfServices/Data/HTML/LocalBusinessTax.htm,false
GUPPY TROPICAL FISH CORP,Hialeah,FL,aquarium store,7418528,https://gisweb.miamidade.gov/GISSelfServices/Data/HTML/LocalBusinessTax.htm,false
NEPTUNE'S AQUARIUMS LLC,Hialeah,FL,aquarium store,7569843,https://gisweb.miamidade.gov/GISSelfServices/Data/HTML/LocalBusinessTax.htm,false
RUINEMANS AQUARIUM INC,Homestead,FL,aquarium store,2144426,https://gisweb.miamidade.gov/GISSelfServices/Data/HTML/LocalBusinessTax.htm,false
WATERBOX AQUARIUMS LLC,Longwood,FL,aquarium store,67**2538,https://data.pa.gov/Licenses-Certificates/Sales-Use-Hotel-Occupancy-Tax-Licenses-and-Certifi/ugeq-ckxd,false
AQUARIUM DEPOT CORP,Miami,FL,aquarium store,2368397,https://gisweb.miamidade.gov/GISSelfServices/Data/HTML/LocalBusinessTax.htm,false
AQUARIUM MART CORP,Miami,FL,aquarium store,5032016,https://gisweb.miamidade.gov/GISSelfServices/Data/HTML/LocalBusinessTax.htm,false
AQUARIUMS & OCEANVIEW INC,Miami,FL,aquarium store,7625815,https://gisweb.miamidade.gov/GISSelfServices/Data/HTML/LocalBusinessTax.htm,false
HYDROS AQUATICS MIAMI CORP,Miami,FL,aquarium store,7688528,https://gisweb.miamidade.gov/GISSelfServices/Data/HTML/LocalBusinessTax.htm,false
MIAMI AQUARIUMS,Miami,FL,aquarium store,7662073,https://gisweb.miamidade.gov/GISSelfServices/Data/HTML/LocalBusinessTax.htm,false
POSEIDON AQUARIUMS INC,Miami,FL,aquarium store,7543045,https://gisweb.miamidade.gov/GISSelfServices/Data/HTML/LocalBusinessTax.htm,false
REEFTOPIA AQUARIUMS INC,Miami,FL,aquarium store,6652243,https://gisweb.miamidade.gov/GISSelfServices/Data/HTML/LocalBusinessTax.htm,false
VICE CITY AQUARIUMS & MORE LLC,Miami,FL,aquarium store,7615950,https://gisweb.miamidade.gov/GISSelfServices/Data/HTML/LocalBusinessTax.htm,false
GREAT OCEAN AQUARIUMS LLC,Miami Springs,FL,aquarium store,7456280,https://gisweb.miamidade.gov/GISSelfServices/Data/HTML/LocalBusinessTax.htm,false
TOP SHELF AQUATICS INC,Orlando,FL,aquarium store,BUS-1116298,https://data.cityoforlando.net/Permitting/Business-Tax-Receipts/7388-4re5,false
AQUARIUM MART CORP,Palmetto Bay,FL,aquarium store,7719892,https://gisweb.miamidade.gov/GISSelfServices/Data/HTML/LocalBusinessTax.htm,false
SALTWATERFISH.COM,Vero Beach,FL,aquarium store,67**4240,https://data.pa.gov/Licenses-Certificates/Sales-Use-Hotel-Occupancy-Tax-Licenses-and-Certifi/ugeq-ckxd,false
AQUARIUM OUTFITTERS #1,Athens,GA,aquarium store,3689134,https://forms.agr.georgia.gov/LicenseSearch,false
Classic City Aquariums,Athens,GA,aquarium store,3702025,https://forms.agr.georgia.gov/LicenseSearch,false
MARINE AQUARIUM MARICULTURE LLC,Atlanta,GA,aquarium store,3702618,https://forms.agr.georgia.gov/LicenseSearch,false
TROPICAL FISH TRANSHIPPERS INC DBA TFT,Atlanta,GA,aquarium store,3702027,https://forms.agr.georgia.gov/LicenseSearch,false
Tropical H Aquatics,Atlanta,GA,aquarium store,3702670,https://forms.agr.georgia.gov/LicenseSearch,false
Coral Cove,Augusta,GA,aquarium store,3702485,https://forms.agr.georgia.gov/LicenseSearch,false
"Sadowski Aquatics, LLC",Columbus,GA,aquarium store,3702726,https://forms.agr.georgia.gov/LicenseSearch,false
"Taste of the Sea Reef, LLC",Columbus,GA,aquarium store,3702776,https://forms.agr.georgia.gov/LicenseSearch,false
Phytaquaria,Conyers,GA,aquarium store,3702424,https://forms.agr.georgia.gov/LicenseSearch,false
Aquarium Junkie,Douglasville,GA,aquarium store,3702691,https://forms.agr.georgia.gov/LicenseSearch,false
ATLANTA AQUARIUM,Duluth,GA,aquarium store,36103711,https://forms.agr.georgia.gov/LicenseSearch,false
Submerged Aquatics LLC,Folkston,GA,aquarium store,3701337,https://forms.agr.georgia.gov/LicenseSearch,false
Riverstone Aquatics,Glennville,GA,aquarium store,3702861,https://forms.agr.georgia.gov/LicenseSearch,false
The Fish Bowl & More,Griffin,GA,aquarium store,3700688,https://forms.agr.georgia.gov/LicenseSearch,false
Salty Lagoon Aquatics,Hephzibah,GA,aquarium store,3701243,https://forms.agr.georgia.gov/LicenseSearch,false
"FISH WORLD AND PET SHOP, LLC",Hinesville,GA,aquarium store,3699424,https://forms.agr.georgia.gov/LicenseSearch,false
The Fish Bolz,Jonesboro,GA,aquarium store,3702624,https://forms.agr.georgia.gov/LicenseSearch,false
OPTIMUM AQUARIUM,Kennesaw,GA,aquarium store,3689706,https://forms.agr.georgia.gov/LicenseSearch,false
Nemo Aquarium LLC,Lawrenceville,GA,aquarium store,3701187,https://forms.agr.georgia.gov/LicenseSearch,false
"Squeaky's Aquatics, LLC",Lawrenceville,GA,aquarium store,3702604,https://forms.agr.georgia.gov/LicenseSearch,false
PREMIER AQUATICS,Marietta,GA,aquarium store,36103927,https://forms.agr.georgia.gov/LicenseSearch,false
Tactical Aquatics LLC,Marietta,GA,aquarium store,3702772,https://forms.agr.georgia.gov/LicenseSearch,false
AMC Aquatics LLC,Monticello,GA,aquarium store,3702445,https://forms.agr.georgia.gov/LicenseSearch,false
OFF THE HOOK MARINE FISH,Peachtree City,GA,aquarium store,36105957,https://forms.agr.georgia.gov/LicenseSearch,false
COASTAL AQUARIUM,Richmond Hill,GA,aquarium store,3696263,https://forms.agr.georgia.gov/LicenseSearch,false
Aquarium Eden LLC,Rincon,GA,aquarium store,3702286,https://forms.agr.georgia.gov/LicenseSearch,false
The Big Fish Store,Roswell,GA,aquarium store,3702817,https://forms.agr.georgia.gov/LicenseSearch,false
Aquatic Adventures,Savannah,GA,aquarium store,3702574,https://forms.agr.georgia.gov/LicenseSearch,false
Coral Ridge LLC,Savannah,GA,aquarium store,3700808,https://forms.agr.georgia.gov/LicenseSearch,false
"EXOTIC AQUATICS, INC.",Savannah,GA,aquarium store,3696110,https://forms.agr.georgia.gov/LicenseSearch,false
Mystical Ponds and Aquariums LLC,Suwanee,GA,aquarium store,3701922,https://forms.agr.georgia.gov/LicenseSearch,false
Oranda Aquarium LLC,Suwanee,GA,aquarium store,3702567,https://forms.agr.georgia.gov/LicenseSearch,false
Happy Little Fish,Sylvania,GA,aquarium store,3700660,https://forms.agr.georgia.gov/LicenseSearch,false
EXOTIC FISH,Valdosta,GA,aquarium store,369336,https://forms.agr.georgia.gov/LicenseSearch,false
Imperial Reef LLC,Valdosta,GA,aquarium store,3702282,https://forms.agr.georgia.gov/LicenseSearch,false
There's Something Fishy LLC,Valdosta,GA,aquarium store,3702741,https://forms.agr.georgia.gov/LicenseSearch,false
COPPERFISH AQUATICS LLC,Baton Rouge,LA,aquarium store,00789528,https://data.brla.gov/Business-and-Financial/Businesses-Registered-with-EBR-Parish/xw6s-bcqm,false
RED STICK AQUARIUM SUPPLY,Baton Rouge,LA,aquarium store,00930319,https://data.brla.gov/Business-and-Financial/Businesses-Registered-with-EBR-Parish/xw6s-bcqm,false
AQUARIUM MASTERS,New Orleans,LA,aquarium store,102636783,https://data.nola.gov/Economy-and-Workforce/Occupational-Business-Licenses/hjcd-grvu,false
CORAL REEF PET SHOP INC,New Orleans,LA,aquarium store,101068773,https://data.nola.gov/Economy-and-Workforce/Occupational-Business-Licenses/hjcd-grvu,false
BULK REEF SUPPLY,Golden Valley,MN,aquarium store,67**3236,https://data.pa.gov/Licenses-Certificates/Sales-Use-Hotel-Occupancy-Tax-Licenses-and-Certifi/ugeq-ckxd,false
AQUARIUM CREATIONS AND MAINTENANCE,Kansas City,MO,aquarium store,1935355008,https://data.kcmo.org/d/pnm4-68wg,false
SHORE AQUARIUM SERVICES INC,Mays Landing,NJ,aquarium store,85**4546,https://data.pa.gov/Licenses-Certificates/Sales-Use-Hotel-Occupancy-Tax-Licenses-and-Certifi/ugeq-ckxd,false
AQUATECH AQUARIUMS LLC,Ringwood,NJ,aquarium store,84**1454,https://data.pa.gov/Licenses-Certificates/Sales-Use-Hotel-Occupancy-Tax-Licenses-and-Certifi/ugeq-ckxd,false
CREATIVE AQUARIUMS INC,Bala Cynwyd,PA,aquarium store,46**7397,https://data.pa.gov/Licenses-Certificates/Sales-Use-Hotel-Occupancy-Tax-Licenses-and-Certifi/ugeq-ckxd,false
AQUATECH TROPICAL FISH,Bensalem,PA,aquarium store,09**9114,https://data.pa.gov/Licenses-Certificates/Sales-Use-Hotel-Occupancy-Tax-Licenses-and-Certifi/ugeq-ckxd,false
AQUARIUM SERVICES PROFESSIONALS,Bernville,PA,aquarium store,67**1079,https://data.pa.gov/Licenses-Certificates/Sales-Use-Hotel-Occupancy-Tax-Licenses-and-Certifi/ugeq-ckxd,false
AQUARIUM SOLUTIONS,Blakeslee,PA,aquarium store,83**6432,https://data.pa.gov/Licenses-Certificates/Sales-Use-Hotel-Occupancy-Tax-Licenses-and-Certifi/ugeq-ckxd,false
COMPLETE AQUARIUM SERVICES,Clearville,PA,aquarium store,82**8676,https://data.pa.gov/Licenses-Certificates/Sales-Use-Hotel-Occupancy-Tax-Licenses-and-Certifi/ugeq-ckxd,false
AQUAVIEW AQUARIUM RENTALS,Coraopolis,PA,aquarium store,84**9769,https://data.pa.gov/Licenses-Certificates/Sales-Use-Hotel-Occupancy-Tax-Licenses-and-Certifi/ugeq-ckxd,false
AQUATIC CARE AQUARIUM SERVICES,Dallas,PA,aquarium store,40**6088,https://data.pa.gov/Licenses-Certificates/Sales-Use-Hotel-Occupancy-Tax-Licenses-and-Certifi/ugeq-ckxd,false
AQUARIUM DESIGN STUDIOS,Doylestown,PA,aquarium store,84**8888,https://data.pa.gov/Licenses-Certificates/Sales-Use-Hotel-Occupancy-Tax-Licenses-and-Certifi/ugeq-ckxd,false
CRAZY REEFING LLC,Elizabethtown,PA,aquarium store,95**4614,https://data.pa.gov/Licenses-Certificates/Sales-Use-Hotel-Occupancy-Tax-Licenses-and-Certifi/ugeq-ckxd,false
BUZZ N BS AQUARIUM & PET SHOP,Erie,PA,aquarium store,86**1388,https://data.pa.gov/Licenses-Certificates/Sales-Use-Hotel-Occupancy-Tax-Licenses-and-Certifi/ugeq-ckxd,false
VLADISCUS,Feasterville Trevose,PA,aquarium store,83**0423,https://data.pa.gov/Licenses-Certificates/Sales-Use-Hotel-Occupancy-Tax-Licenses-and-Certifi/ugeq-ckxd,false
AQUARIUM DESIGN STUDIOS LLC,Fort Washington,PA,aquarium store,84**8888,https://data.pa.gov/Licenses-Certificates/Sales-Use-Hotel-Occupancy-Tax-Licenses-and-Certifi/ugeq-ckxd,false
REEF GEEK LLC,Germansville,PA,aquarium store,67**1128,https://data.pa.gov/Licenses-Certificates/Sales-Use-Hotel-Occupancy-Tax-Licenses-and-Certifi/ugeq-ckxd,false
AQUARIUM ENVIRONMENTS,Harrisburg,PA,aquarium store,83**9113,https://data.pa.gov/Licenses-Certificates/Sales-Use-Hotel-Occupancy-Tax-Licenses-and-Certifi/ugeq-ckxd,false
SALTWATER AQUARIUM MADE EASY,Highspire,PA,aquarium store,22**1868,https://data.pa.gov/Licenses-Certificates/Sales-Use-Hotel-Occupancy-Tax-Licenses-and-Certifi/ugeq-ckxd,false
RAYSTOWN MUSIC & AQUARIUM,Huntingdon,PA,aquarium store,82**1775,https://data.pa.gov/Licenses-Certificates/Sales-Use-Hotel-Occupancy-Tax-Licenses-and-Certifi/ugeq-ckxd,false
GITTLERS AQUARIUM & AVIARY LLC,Johnstown,PA,aquarium store,67**3238,https://data.pa.gov/Licenses-Certificates/Sales-Use-Hotel-Occupancy-Tax-Licenses-and-Certifi/ugeq-ckxd,false
CENTRAL PENN AQUARIUMS,Lancaster,PA,aquarium store,83**1978,https://data.pa.gov/Licenses-Certificates/Sales-Use-Hotel-Occupancy-Tax-Licenses-and-Certifi/ugeq-ckxd,false
HIDDEN REEF INC,Levittown,PA,aquarium store,80**9283,https://data.pa.gov/Licenses-Certificates/Sales-Use-Hotel-Occupancy-Tax-Licenses-and-Certifi/ugeq-ckxd,false
AQUARIUM XPRESS,Lewisberry,PA,aquarium store,67**9075,https://data.pa.gov/Licenses-Certificates/Sales-Use-Hotel-Occupancy-Tax-Licenses-and-Certifi/ugeq-ckxd,false
KR AQUARIUM & REEF,Marietta,PA,aquarium store,67**1485,https://data.pa.gov/Licenses-Certificates/Sales-Use-Hotel-Occupancy-Tax-Licenses-and-Certifi/ugeq-ckxd,false
TRI STATE AQUARIUMS LLC,Mercersburg,PA,aquarium store,67**0860,https://data.pa.gov/Licenses-Certificates/Sales-Use-Hotel-Occupancy-Tax-Licenses-and-Certifi/ugeq-ckxd,false
THAT FISH GIRL AQUARIUM & POND SERV,Mifflinburg,PA,aquarium store,81**6394,https://data.pa.gov/Licenses-Certificates/Sales-Use-Hotel-Occupancy-Tax-Licenses-and-Certifi/ugeq-ckxd,false
FRANK'S SALTWATER AQUARIUM MAINTENA,Milford,PA,aquarium store,67**1669,https://data.pa.gov/Licenses-Certificates/Sales-Use-Hotel-Occupancy-Tax-Licenses-and-Certifi/ugeq-ckxd,false
ELMERS AQUARIUM INC,Monroeville,PA,aquarium store,02**1349,https://data.pa.gov/Licenses-Certificates/Sales-Use-Hotel-Occupancy-Tax-Licenses-and-Certifi/ugeq-ckxd,false
AMAZONIA TROPICAL FISH LLC,Philadelphia,PA,aquarium store,67**2547,https://data.pa.gov/Licenses-Certificates/Sales-Use-Hotel-Occupancy-Tax-Licenses-and-Certifi/ugeq-ckxd,false
B & J PETS & AQUARIUMS INC,Philadelphia,PA,aquarium store,82**6667,https://data.pa.gov/Licenses-Certificates/Sales-Use-Hotel-Occupancy-Tax-Licenses-and-Certifi/ugeq-ckxd,false
PHILLY FISH & CORAL,Philadelphia,PA,aquarium store,85**8603,https://data.pa.gov/Licenses-Certificates/Sales-Use-Hotel-Occupancy-Tax-Licenses-and-Certifi/ugeq-ckxd,false
CUBOID NATURE AQUARIUM,Pipersville,PA,aquarium store,67**4849,https://data.pa.gov/Licenses-Certificates/Sales-Use-Hotel-Occupancy-Tax-Licenses-and-Certifi/ugeq-ckxd,false
AQUA WORLD PET SUPER CENTER,Pittsburgh,PA,aquarium store,82**3832,https://data.pa.gov/Licenses-Certificates/Sales-Use-Hotel-Occupancy-Tax-Licenses-and-Certifi/ugeq-ckxd,false
JIMS AQUARIUM SERVICE,Pittsburgh,PA,aquarium store,67**7973,https://data.pa.gov/Licenses-Certificates/Sales-Use-Hotel-Occupancy-Tax-Licenses-and-Certifi/ugeq-ckxd,false
KEYSTONE CICHLIDS LLC,Reading,PA,aquarium store,67**2708,https://data.pa.gov/Licenses-Certificates/Sales-Use-Hotel-Occupancy-Tax-Licenses-and-Certifi/ugeq-ckxd,false
UNIQUE REEF IMPORTS LLC,Reading,PA,aquarium store,95**7942,https://data.pa.gov/Licenses-Certificates/Sales-Use-Hotel-Occupancy-Tax-Licenses-and-Certifi/ugeq-ckxd,false
ROGERS AQUARIUM,Sewickley,PA,aquarium store,02**9810,https://data.pa.gov/Licenses-Certificates/Sales-Use-Hotel-Occupancy-Tax-Licenses-and-Certifi/ugeq-ckxd,false
MARTIN'S AQUARIUM SERVICE CO,Yardley,PA,aquarium store,83**8041,https://data.pa.gov/Licenses-Certificates/Sales-Use-Hotel-Occupancy-Tax-Licenses-and-Certifi/ugeq-ckxd,false
THE REEF GALLERY,Zelienople,PA,aquarium store,67**3976,https://data.pa.gov/Licenses-Certificates/Sales-Use-Hotel-Occupancy-Tax-Licenses-and-Certifi/ugeq-ckxd,false
SOUTHERN AQUATCS LFS,Roswell,GA,aquarium store,36106061,https://forms.agr.georgia.gov/LicenseSearch,false
"Biota Aquariums, Llc",Fort Lauderdale,FL,aquarium store,0007343487,https://data.pa.gov/Licenses-Certificates/Registered-Businesses-in-PA-Current-by-County-Depa/xvd7-5r2c,false
Aquarium International Ltd.,Allentown,PA,aquarium store,0000963416,https://data.pa.gov/Licenses-Certificates/Registered-Businesses-in-PA-Current-by-County-Depa/xvd7-5r2c,false
Aquarium Solution Llc,Allentown,PA,aquarium store,0003199840,https://data.pa.gov/Licenses-Certificates/Registered-Businesses-in-PA-Current-by-County-Depa/xvd7-5r2c,false
Aquarium Supplystore Llc,Bensalem,PA,aquarium store,0004220194,https://data.pa.gov/Licenses-Certificates/Registered-Businesses-in-PA-Current-by-County-Depa/xvd7-5r2c,false
"Aquatech Tropical Fish Environments, Inc.",Bensalem,PA,aquarium store,0003114385,https://data.pa.gov/Licenses-Certificates/Registered-Businesses-in-PA-Current-by-County-Depa/xvd7-5r2c,false
"Bensalem Tropical Fish Acquarium, Inc.",Bensalem,PA,aquarium store,0002075648,https://data.pa.gov/Licenses-Certificates/Registered-Businesses-in-PA-Current-by-County-Depa/xvd7-5r2c,false
Lehigh Valley Aquarium Llc,Bethlehem,PA,aquarium store,0003818062,https://data.pa.gov/Licenses-Certificates/Registered-Businesses-in-PA-Current-by-County-Depa/xvd7-5r2c,false
"C J's Tropical Fish and Pet Emporium, Inc.",Blakeslee,PA,aquarium store,0000975864,https://data.pa.gov/Licenses-Certificates/Registered-Businesses-in-PA-Current-by-County-Depa/xvd7-5r2c,false
"Tropical Fish Systems, Inc.",Bloomsburg,PA,aquarium store,0003058835,https://data.pa.gov/Licenses-Certificates/Registered-Businesses-in-PA-Current-by-County-Depa/xvd7-5r2c,false
"Seven Seas Aquarium, Inc.",Brookhaven,PA,aquarium store,0000699748,https://data.pa.gov/Licenses-Certificates/Registered-Businesses-in-PA-Current-by-County-Depa/xvd7-5r2c,false
Benders Tri County Tropical Fish Inc.,Cherry Tree,PA,aquarium store,0004091715,https://data.pa.gov/Licenses-Certificates/Registered-Businesses-in-PA-Current-by-County-Depa/xvd7-5r2c,false
Ocean Image Aquariums Llc,Chester Springs,PA,aquarium store,0003292727,https://data.pa.gov/Licenses-Certificates/Registered-Businesses-in-PA-Current-by-County-Depa/xvd7-5r2c,false
Clear Aquarium Services Llc,Collegeville,PA,aquarium store,0003570212,https://data.pa.gov/Licenses-Certificates/Registered-Businesses-in-PA-Current-by-County-Depa/xvd7-5r2c,false
"Ellison & Son Aquarium Business, Inc.",Croydon,PA,aquarium store,0000109181,https://data.pa.gov/Licenses-Certificates/Registered-Businesses-in-PA-Current-by-County-Depa/xvd7-5r2c,false
Neptune Aquarium Company,Doylestown,PA,aquarium store,0000248131,https://data.pa.gov/Licenses-Certificates/Registered-Businesses-in-PA-Current-by-County-Depa/xvd7-5r2c,false
"Aquarium Systems Unlimited, Inc.",East Greenville,PA,aquarium store,0002536912,https://data.pa.gov/Licenses-Certificates/Registered-Businesses-in-PA-Current-by-County-Depa/xvd7-5r2c,false
Neptune's Gardener Aquarium Service Llc,East Norriton,PA,aquarium store,0004162027,https://data.pa.gov/Licenses-Certificates/Registered-Businesses-in-PA-Current-by-County-Depa/xvd7-5r2c,false
"Aquarium Currents, Inc.",East Stroudsburg,PA,aquarium store,0002831521,https://data.pa.gov/Licenses-Certificates/Registered-Businesses-in-PA-Current-by-County-Depa/xvd7-5r2c,false
D&d Reef Aquatics Llc,Easton,PA,aquarium store,0014376513,https://data.pa.gov/Licenses-Certificates/Registered-Businesses-in-PA-Current-by-County-Depa/xvd7-5r2c,false
Crystal Clear Aquariums Ownershift Llc,Erie,PA,aquarium store,0014458108,https://data.pa.gov/Licenses-Certificates/Registered-Businesses-in-PA-Current-by-County-Depa/xvd7-5r2c,false
"Discount Aquarium, Inc.",Green Lane,PA,aquarium store,0000685184,https://data.pa.gov/Licenses-Certificates/Registered-Businesses-in-PA-Current-by-County-Depa/xvd7-5r2c,false
Chuck's Aquarium House Inc,Hanover,PA,aquarium store,0003654786,https://data.pa.gov/Licenses-Certificates/Registered-Businesses-in-PA-Current-by-County-Depa/xvd7-5r2c,false
"Crystal Clear Aquarium Service, Inc.",Harrisburg,PA,aquarium store,0002909152,https://data.pa.gov/Licenses-Certificates/Registered-Businesses-in-PA-Current-by-County-Depa/xvd7-5r2c,false
"J P Aquarium & Pets, Llc",Havertown,PA,aquarium store,0003216326,https://data.pa.gov/Licenses-Certificates/Registered-Businesses-in-PA-Current-by-County-Depa/xvd7-5r2c,false
"Riverside Reef Aquatics, Llc",Hawley,PA,aquarium store,0013371775,https://data.pa.gov/Licenses-Certificates/Registered-Businesses-in-PA-Current-by-County-Depa/xvd7-5r2c,false
Luxury Aquarium Llc,Hidden Valley,PA,aquarium store,0013889027,https://data.pa.gov/Licenses-Certificates/Registered-Businesses-in-PA-Current-by-County-Depa/xvd7-5r2c,false
Green Acres Aquarium Detailing Llc,Honesdale,PA,aquarium store,0014742691,https://data.pa.gov/Licenses-Certificates/Registered-Businesses-in-PA-Current-by-County-Depa/xvd7-5r2c,false
"Aaa Aquariums, Inc.",Horsham,PA,aquarium store,0003330071,https://data.pa.gov/Licenses-Certificates/Registered-Businesses-in-PA-Current-by-County-Depa/xvd7-5r2c,false
L2 Aquariums Llc,Hummelstown,PA,aquarium store,0006692707,https://data.pa.gov/Licenses-Certificates/Registered-Businesses-in-PA-Current-by-County-Depa/xvd7-5r2c,false
"Sorber Aquarium Service, Inc.",Hunlock Creek,PA,aquarium store,0001565450,https://data.pa.gov/Licenses-Certificates/Registered-Businesses-in-PA-Current-by-County-Depa/xvd7-5r2c,false
"Martin's Aquarium, Inc.",Jenkintown,PA,aquarium store,0000220827,https://data.pa.gov/Licenses-Certificates/Registered-Businesses-in-PA-Current-by-County-Depa/xvd7-5r2c,false
"Gittler's Aquarium, Inc.",Johnstown,PA,aquarium store,0002627765,https://data.pa.gov/Licenses-Certificates/Registered-Businesses-in-PA-Current-by-County-Depa/xvd7-5r2c,false
"More Than Fish Aquarium and Pets, Llc",Lansdale,PA,aquarium store,0013855233,https://data.pa.gov/Licenses-Certificates/Registered-Businesses-in-PA-Current-by-County-Depa/xvd7-5r2c,false
Reef to Rift Aquarium Store Llc,Lansdale,PA,aquarium store,0007077000,https://data.pa.gov/Licenses-Certificates/Registered-Businesses-in-PA-Current-by-County-Depa/xvd7-5r2c,false
"Abstract Aquariums, Llc",Levittown,PA,aquarium store,0003717653,https://data.pa.gov/Licenses-Certificates/Registered-Businesses-in-PA-Current-by-County-Depa/xvd7-5r2c,false
Bob's Wildlife Refuge - Rehab and Aquarium Inc,Levittown,PA,aquarium store,0014404418,https://data.pa.gov/Licenses-Certificates/Registered-Businesses-in-PA-Current-by-County-Depa/xvd7-5r2c,false
Aquarium Life Corporation,Media,PA,aquarium store,0000017019,https://data.pa.gov/Licenses-Certificates/Registered-Businesses-in-PA-Current-by-County-Depa/xvd7-5r2c,false
"Creative Aquariums, Inc.",Merion,PA,aquarium store,0002112834,https://data.pa.gov/Licenses-Certificates/Registered-Businesses-in-PA-Current-by-County-Depa/xvd7-5r2c,false
"Aquarium Services Porfessionals, Inc.",Mohnton,PA,aquarium store,0002936347,https://data.pa.gov/Licenses-Certificates/Registered-Businesses-in-PA-Current-by-County-Depa/xvd7-5r2c,false
"Aquarium Services, Inc.",Monroeville,PA,aquarium store,0004070553,https://data.pa.gov/Licenses-Certificates/Registered-Businesses-in-PA-Current-by-County-Depa/xvd7-5r2c,false
"Big-oak Aquarium, Inc.",Morrisville,PA,aquarium store,0000726770,https://data.pa.gov/Licenses-Certificates/Registered-Businesses-in-PA-Current-by-County-Depa/xvd7-5r2c,false
Nescopeck Aquarium Llc,Nescopeck,PA,aquarium store,0004315770,https://data.pa.gov/Licenses-Certificates/Registered-Businesses-in-PA-Current-by-County-Depa/xvd7-5r2c,false
"American Aquariums, Llc",New Castle,PA,aquarium store,0006432147,https://data.pa.gov/Licenses-Certificates/Registered-Businesses-in-PA-Current-by-County-Depa/xvd7-5r2c,false
"Bucks County Aquarium & Pet Center, Inc.",Newtown,PA,aquarium store,0002603166,https://data.pa.gov/Licenses-Certificates/Registered-Businesses-in-PA-Current-by-County-Depa/xvd7-5r2c,false
"Amadio Reef Aquariums, Llc, D/b/a (a. R. A., Llc)",Newtown Square,PA,aquarium store,0003810697,https://data.pa.gov/Licenses-Certificates/Registered-Businesses-in-PA-Current-by-County-Depa/xvd7-5r2c,false
"Shore Aquarium Services, Inc.",North Huntingdon,PA,aquarium store,0004001158,https://data.pa.gov/Licenses-Certificates/Registered-Businesses-in-PA-Current-by-County-Depa/xvd7-5r2c,false
"Pittsburgh Tropical Fish, Inc.",North Versailles,PA,aquarium store,0000284967,https://data.pa.gov/Licenses-Certificates/Registered-Businesses-in-PA-Current-by-County-Depa/xvd7-5r2c,false
"Crystal Aquarium, Inc.",Oxford,PA,aquarium store,0001508100,https://data.pa.gov/Licenses-Certificates/Registered-Businesses-in-PA-Current-by-County-Depa/xvd7-5r2c,false
Reefwood Aquariums Llc,Perkasie,PA,aquarium store,0003291217,https://data.pa.gov/Licenses-Certificates/Registered-Businesses-in-PA-Current-by-County-Depa/xvd7-5r2c,false
"Alphabet Aquarium, Inc.",Philadelphia,PA,aquarium store,0003730951,https://data.pa.gov/Licenses-Certificates/Registered-Businesses-in-PA-Current-by-County-Depa/xvd7-5r2c,false
"Aquarium City, Inc.",Philadelphia,PA,aquarium store,0000619793,https://data.pa.gov/Licenses-Certificates/Registered-Businesses-in-PA-Current-by-County-Depa/xvd7-5r2c,false
"Aquarium Concepts, Inc.",Philadelphia,PA,aquarium store,0002091966,https://data.pa.gov/Licenses-Certificates/Registered-Businesses-in-PA-Current-by-County-Depa/xvd7-5r2c,false
"Aquarium Jamaican, Inc.",Philadelphia,PA,aquarium store,0003096759,https://data.pa.gov/Licenses-Certificates/Registered-Businesses-in-PA-Current-by-County-Depa/xvd7-5r2c,false
"Aquarium Unlimited, Llc",Philadelphia,PA,aquarium store,0003618175,https://data.pa.gov/Licenses-Certificates/Registered-Businesses-in-PA-Current-by-County-Depa/xvd7-5r2c,false
B & J Pets Ad Aquariums Inc.,Philadelphia,PA,aquarium store,0003048761,https://data.pa.gov/Licenses-Certificates/Registered-Businesses-in-PA-Current-by-County-Depa/xvd7-5r2c,false
G.e. Aquarium Co.,Philadelphia,PA,aquarium store,0002955024,https://data.pa.gov/Licenses-Certificates/Registered-Businesses-in-PA-Current-by-County-Depa/xvd7-5r2c,false
"Girard Aquarium, Inc.",Philadelphia,PA,aquarium store,0000726778,https://data.pa.gov/Licenses-Certificates/Registered-Businesses-in-PA-Current-by-County-Depa/xvd7-5r2c,false
Johns Corals Aquariums Inc.,Philadelphia,PA,aquarium store,0006988320,https://data.pa.gov/Licenses-Certificates/Registered-Businesses-in-PA-Current-by-County-Depa/xvd7-5r2c,false
"Martin's Aquarium Bicycle Shop, Inc.",Philadelphia,PA,aquarium store,0000716045,https://data.pa.gov/Licenses-Certificates/Registered-Businesses-in-PA-Current-by-County-Depa/xvd7-5r2c,false
Moby Dick Aquariums Co.,Philadelphia,PA,aquarium store,0000235391,https://data.pa.gov/Licenses-Certificates/Registered-Businesses-in-PA-Current-by-County-Depa/xvd7-5r2c,false
"Singapore Aquarium, Inc.",Philadelphia,PA,aquarium store,0000742568,https://data.pa.gov/Licenses-Certificates/Registered-Businesses-in-PA-Current-by-County-Depa/xvd7-5r2c,false
Splash Aquariums Llc,Philadelphia,PA,aquarium store,0003841494,https://data.pa.gov/Licenses-Certificates/Registered-Businesses-in-PA-Current-by-County-Depa/xvd7-5r2c,false
"Trade Winds Aquarium & Pet Center, Llc",Philadelphia,PA,aquarium store,0003141507,https://data.pa.gov/Licenses-Certificates/Registered-Businesses-in-PA-Current-by-County-Depa/xvd7-5r2c,false
"A & B Oddball Pets and Aquariums, Llc",Pittsburgh,PA,aquarium store,0003725233,https://data.pa.gov/Licenses-Certificates/Registered-Businesses-in-PA-Current-by-County-Depa/xvd7-5r2c,false
"Aquarium Service & Supply, Inc.",Pittsburgh,PA,aquarium store,0000017022,https://data.pa.gov/Licenses-Certificates/Registered-Businesses-in-PA-Current-by-County-Depa/xvd7-5r2c,false
"Metro Brothers Tropical Fish and Supply, Inc.",Pittsburgh,PA,aquarium store,0000229829,https://data.pa.gov/Licenses-Certificates/Registered-Businesses-in-PA-Current-by-County-Depa/xvd7-5r2c,false
Ned's Aquarium Supply Inc,Pittsburgh,PA,aquarium store,0000247604,https://data.pa.gov/Licenses-Certificates/Registered-Businesses-in-PA-Current-by-County-Depa/xvd7-5r2c,false
Three Rivers Aquarium Limited Company,Pittsburgh,PA,aquarium store,0007244098,https://data.pa.gov/Licenses-Certificates/Registered-Businesses-in-PA-Current-by-County-Depa/xvd7-5r2c,false
"Tropical Aquatics & Marine Equipment Co., Inc.",Pittsburgh,PA,aquarium store,0002093063,https://data.pa.gov/Licenses-Certificates/Registered-Businesses-in-PA-Current-by-County-Depa/xvd7-5r2c,false
"Custom Aquarium, Inc.",Plymouth,PA,aquarium store,0002671399,https://data.pa.gov/Licenses-Certificates/Registered-Businesses-in-PA-Current-by-County-Depa/xvd7-5r2c,false
Albright Aquarium Maintenance Llc,Quakertown,PA,aquarium store,0014608855,https://data.pa.gov/Licenses-Certificates/Registered-Businesses-in-PA-Current-by-County-Depa/xvd7-5r2c,false
"Deacon Blue Aquarium, Inc.",Richboro,PA,aquarium store,0002647238,https://data.pa.gov/Licenses-Certificates/Registered-Businesses-in-PA-Current-by-County-Depa/xvd7-5r2c,false
"Aquarium Maintenance and Necessities, Llc",Roaring Spring,PA,aquarium store,0004255444,https://data.pa.gov/Licenses-Certificates/Registered-Businesses-in-PA-Current-by-County-Depa/xvd7-5r2c,false
"Breedmore Aquarium Products, Ltd.",Scranton,PA,aquarium store,0000616588,https://data.pa.gov/Licenses-Certificates/Registered-Businesses-in-PA-Current-by-County-Depa/xvd7-5r2c,false
"Scranton Aquarium, Llc",Scranton,PA,aquarium store,0004255040,https://data.pa.gov/Licenses-Certificates/Registered-Businesses-in-PA-Current-by-County-Depa/xvd7-5r2c,false
"The Fish Net Aquarium, Inc.",Stowe,PA,aquarium store,0000123686,https://data.pa.gov/Licenses-Certificates/Registered-Businesses-in-PA-Current-by-County-Depa/xvd7-5r2c,false
"Aquarium Zone, Inc.",Valley Township,PA,aquarium store,0003012061,https://data.pa.gov/Licenses-Certificates/Registered-Businesses-in-PA-Current-by-County-Depa/xvd7-5r2c,false
"Natureland Aquarium and Pet Center, Ltd.",Warminster,PA,aquarium store,0001522490,https://data.pa.gov/Licenses-Certificates/Registered-Businesses-in-PA-Current-by-County-Depa/xvd7-5r2c,false
Seven Star Tropical Fish Inc.,Warrington,PA,aquarium store,0002802307,https://data.pa.gov/Licenses-Certificates/Registered-Businesses-in-PA-Current-by-County-Depa/xvd7-5r2c,false
Eco Aquariums Llc,Washington,PA,aquarium store,0003786642,https://data.pa.gov/Licenses-Certificates/Registered-Businesses-in-PA-Current-by-County-Depa/xvd7-5r2c,false
"Treasure Island Tropical Fish & Pet Center, Inc.",West Chester,PA,aquarium store,0002186418,https://data.pa.gov/Licenses-Certificates/Registered-Businesses-in-PA-Current-by-County-Depa/xvd7-5r2c,false
"Pleasant Hills Aquarium and Pet Center, Inc.",West Mifflin,PA,aquarium store,0000749372,https://data.pa.gov/Licenses-Certificates/Registered-Businesses-in-PA-Current-by-County-Depa/xvd7-5r2c,false
"Crystal Clear Aquarium Service, Llc",West Norriton,PA,aquarium store,0003913869,https://data.pa.gov/Licenses-Certificates/Registered-Businesses-in-PA-Current-by-County-Depa/xvd7-5r2c,false
"Captain Nemo's Aquarium Superstore, Llc",Wyncote,PA,aquarium store,0003677116,https://data.pa.gov/Licenses-Certificates/Registered-Businesses-in-PA-Current-by-County-Depa/xvd7-5r2c,false
"Harman's Tropical Fish, Inc.",York,PA,aquarium store,0000153802,https://data.pa.gov/Licenses-Certificates/Registered-Businesses-in-PA-Current-by-County-Depa/xvd7-5r2c,false
JAWZ AQUARIUM LLC,Fort Lauderdale,FL,aquarium store,3853468,https://data.ny.gov/Government-Finance/Active-Corporations-Beginning-1800/n9v6-gdp6,false
VIA AQUARIUM LLC,Leesburg,FL,aquarium store,4897376,https://data.ny.gov/Government-Finance/Active-Corporations-Beginning-1800/n9v6-gdp6,false
"PARADISE AQUARIUM, INC.",Middle Village,FL,aquarium store,2457651,https://data.ny.gov/Government-Finance/Active-Corporations-Beginning-1800/n9v6-gdp6,false
JOHNS CORALS & AQUARIUMS INC.,Ridgewood,NJ,aquarium store,6391540,https://data.ny.gov/Government-Finance/Active-Corporations-Beginning-1800/n9v6-gdp6,false
"CRYSTAL CLEAR AQUARIUM SERVICES, LLC",Albany,NY,aquarium store,4135211,https://data.ny.gov/Government-Finance/Active-Corporations-Beginning-1800/n9v6-gdp6,false
ELITE AQUARIUMS LLC,Albany,NY,aquarium store,3722539,https://data.ny.gov/Government-Finance/Active-Corporations-Beginning-1800/n9v6-gdp6,false
OUTTEN AQUARIUM LLC,Albany,NY,aquarium store,6879582,https://data.ny.gov/Government-Finance/Active-Corporations-Beginning-1800/n9v6-gdp6,false
"R & C REEF AQUARIUM, LLC",Albany,NY,aquarium store,3798984,https://data.ny.gov/Government-Finance/Active-Corporations-Beginning-1800/n9v6-gdp6,false
FB AQUARIUM INC.,Amityville,NY,aquarium store,6706783,https://data.ny.gov/Government-Finance/Active-Corporations-Beginning-1800/n9v6-gdp6,false
EXOTIC PLANTS AND AQUARIUM PARADISE INC.,Astoria,NY,aquarium store,3023610,https://data.ny.gov/Government-Finance/Active-Corporations-Beginning-1800/n9v6-gdp6,false
"ZEUS AQUARIUM & PET SUPPLIES, INC.",Bayshore,NY,aquarium store,1228474,https://data.ny.gov/Government-Finance/Active-Corporations-Beginning-1800/n9v6-gdp6,false
EXOTIC AQUARIUMS & POND DESIGNS CORP.,Bayville,NY,aquarium store,4085139,https://data.ny.gov/Government-Finance/Active-Corporations-Beginning-1800/n9v6-gdp6,false
"COMPLETE AQUARIUM SERVICES, INC.",Bedford Hills,NY,aquarium store,2314304,https://data.ny.gov/Government-Finance/Active-Corporations-Beginning-1800/n9v6-gdp6,false
3D AQUARIUM SOLUTIONS LLC,Bellmore,NY,aquarium store,6365755,https://data.ny.gov/Government-Finance/Active-Corporations-Beginning-1800/n9v6-gdp6,false
AQUARIUM EXPRESS INC.,Bellmore,NY,aquarium store,2087317,https://data.ny.gov/Government-Finance/Active-Corporations-Beginning-1800/n9v6-gdp6,false
"SALT EXPERT AQUARIUMS, LLC",Bellmore,NY,aquarium store,4915465,https://data.ny.gov/Government-Finance/Active-Corporations-Beginning-1800/n9v6-gdp6,false
CAPTURED COVE AQUARIUMS LLC,Binghamton,NY,aquarium store,5981879,https://data.ny.gov/Government-Finance/Active-Corporations-Beginning-1800/n9v6-gdp6,false
"PRO REEF AQUATICS, INC.",Blue Point,NY,aquarium store,5633651,https://data.ny.gov/Government-Finance/Active-Corporations-Beginning-1800/n9v6-gdp6,false
LI AQUARIUM SERVICE INC.,Bohemia,NY,aquarium store,5086661,https://data.ny.gov/Government-Finance/Active-Corporations-Beginning-1800/n9v6-gdp6,false
"LONG ISLAND AQUARIUM SERVICE, LLC",Bohemia,NY,aquarium store,2977829,https://data.ny.gov/Government-Finance/Active-Corporations-Beginning-1800/n9v6-gdp6,false
"COUNTRY AQUARIUM & MARINE, INC.",Brewster,NY,aquarium store,2190038,https://data.ny.gov/Government-Finance/Active-Corporations-Beginning-1800/n9v6-gdp6,false
AQUARIUM TROPICAL FISH CORP.,Bronx,NY,aquarium store,4532345,https://data.ny.gov/Government-Finance/Active-Corporations-Beginning-1800/n9v6-gdp6,false
BLUE AQUARIUM LLC,Bronx,NY,aquarium store,3902628,https://data.ny.gov/Government-Finance/Active-Corporations-Beginning-1800/n9v6-gdp6,false
BLUE AQUARIUM OF WESTCHESTER SQUARE LLC,Bronx,NY,aquarium store,3948170,https://data.ny.gov/Government-Finance/Active-Corporations-Beginning-1800/n9v6-gdp6,false
"GUN HILL ROAD AQUARIUM, INC.",Bronx,NY,aquarium store,3244879,https://data.ny.gov/Government-Finance/Active-Corporations-Beginning-1800/n9v6-gdp6,false
M & P TROPICAL FISH INC.,Bronx,NY,aquarium store,639845,https://data.ny.gov/Government-Finance/Active-Corporations-Beginning-1800/n9v6-gdp6,false
THE AQUARIUM STORE LLC,Bronx,NY,aquarium store,6606343,https://data.ny.gov/Government-Finance/Active-Corporations-Beginning-1800/n9v6-gdp6,false
TOTAL AQUARIUMS INC.,Bronx,NY,aquarium store,1869862,https://data.ny.gov/Government-Finance/Active-Corporations-Beginning-1800/n9v6-gdp6,false
A R AQUARIUM INC,Brooklyn,NY,aquarium store,5051611,https://data.ny.gov/Government-Finance/Active-Corporations-Beginning-1800/n9v6-gdp6,false
ALFRED AQUARIUM INC.,Brooklyn,NY,aquarium store,5033309,https://data.ny.gov/Government-Finance/Active-Corporations-Beginning-1800/n9v6-gdp6,false
"ALIKHAN TROPICAL FISH, LLC",Brooklyn,NY,aquarium store,3931564,https://data.ny.gov/Government-Finance/Active-Corporations-Beginning-1800/n9v6-gdp6,false
ALL ACCESS AQUARIUM LLC,Brooklyn,NY,aquarium store,3969673,https://data.ny.gov/Government-Finance/Active-Corporations-Beginning-1800/n9v6-gdp6,false
ALL CLEAN AQUARIUM MAINTENANCE INC.,Brooklyn,NY,aquarium store,6870141,https://data.ny.gov/Government-Finance/Active-Corporations-Beginning-1800/n9v6-gdp6,false
AMAZING AQUARIUM INC,Brooklyn,NY,aquarium store,5015128,https://data.ny.gov/Government-Finance/Active-Corporations-Beginning-1800/n9v6-gdp6,false
ANCHOR AQUARIUM SERVICE INC.,Brooklyn,NY,aquarium store,3159767,https://data.ny.gov/Government-Finance/Active-Corporations-Beginning-1800/n9v6-gdp6,false
AQUARIUM CONCEPT AND DESIGN OF NEW YORK LLC,Brooklyn,NY,aquarium store,5350200,https://data.ny.gov/Government-Finance/Active-Corporations-Beginning-1800/n9v6-gdp6,false
"AQUARIUM DESIGNS AND SERVICS, INC.",Brooklyn,NY,aquarium store,1390551,https://data.ny.gov/Government-Finance/Active-Corporations-Beginning-1800/n9v6-gdp6,false
AQUARIUM GEEKS LLC,Brooklyn,NY,aquarium store,4563073,https://data.ny.gov/Government-Finance/Active-Corporations-Beginning-1800/n9v6-gdp6,false
AQUATIC PETS INC.,Brooklyn,NY,aquarium store,4358226,https://data.ny.gov/Government-Finance/Active-Corporations-Beginning-1800/n9v6-gdp6,false
ARCHER FISH AQUARIUMS INC.,Brooklyn,NY,aquarium store,4871844,https://data.ny.gov/Government-Finance/Active-Corporations-Beginning-1800/n9v6-gdp6,false
BAY PARKWAY AQUARIUM INC.,Brooklyn,NY,aquarium store,4655913,https://data.ny.gov/Government-Finance/Active-Corporations-Beginning-1800/n9v6-gdp6,false
"BEDSTUY AQUARIUM, INC.",Brooklyn,NY,aquarium store,7438201,https://data.ny.gov/Government-Finance/Active-Corporations-Beginning-1800/n9v6-gdp6,false
CARIB AQUATIC AQUARIUM & PET SERVICES LLC,Brooklyn,NY,aquarium store,5547509,https://data.ny.gov/Government-Finance/Active-Corporations-Beginning-1800/n9v6-gdp6,false
CITY AQUARIUM LLC,Brooklyn,NY,aquarium store,2784500,https://data.ny.gov/Government-Finance/Active-Corporations-Beginning-1800/n9v6-gdp6,false
CREATIVE AQUARIUM NATION LLC,Brooklyn,NY,aquarium store,4358665,https://data.ny.gov/Government-Finance/Active-Corporations-Beginning-1800/n9v6-gdp6,false
DIAMOND AQUARIUM INC.,Brooklyn,NY,aquarium store,4688775,https://data.ny.gov/Government-Finance/Active-Corporations-Beginning-1800/n9v6-gdp6,false
DISTINGUISHED AQUARIUM DESIGN INC.,Brooklyn,NY,aquarium store,3595815,https://data.ny.gov/Government-Finance/Active-Corporations-Beginning-1800/n9v6-gdp6,false
DWAYNE AQUARIUM MAINTENANCE LLC,Brooklyn,NY,aquarium store,5982363,https://data.ny.gov/Government-Finance/Active-Corporations-Beginning-1800/n9v6-gdp6,false
EXOTIC REEF AQUATIC INC.,Brooklyn,NY,aquarium store,5715782,https://data.ny.gov/Government-Finance/Active-Corporations-Beginning-1800/n9v6-gdp6,false
FISH CORALS AQUARIUMS INC.,Brooklyn,NY,aquarium store,7479562,https://data.ny.gov/Government-Finance/Active-Corporations-Beginning-1800/n9v6-gdp6,false
GUYULIN AQUARIUM INC.,Brooklyn,NY,aquarium store,4564288,https://data.ny.gov/Government-Finance/Active-Corporations-Beginning-1800/n9v6-gdp6,false
LONG HING AQUARIUM INC.,Brooklyn,NY,aquarium store,4140108,https://data.ny.gov/Government-Finance/Active-Corporations-Beginning-1800/n9v6-gdp6,false
"MAJESTIK AQUARIUMS, INC.",Brooklyn,NY,aquarium store,2973576,https://data.ny.gov/Government-Finance/Active-Corporations-Beginning-1800/n9v6-gdp6,false
NEW LUCKY FISH AQUARIUM & PET SUPPLIES INC.,Brooklyn,NY,aquarium store,3958714,https://data.ny.gov/Government-Finance/Active-Corporations-Beginning-1800/n9v6-gdp6,false
NY KING FISH AQUARIUM INC.,Brooklyn,NY,aquarium store,5541119,https://data.ny.gov/Government-Finance/Active-Corporations-Beginning-1800/n9v6-gdp6,false
PARADISE ISLAND AQUARIUM INC.,Brooklyn,NY,aquarium store,5112768,https://data.ny.gov/Government-Finance/Active-Corporations-Beginning-1800/n9v6-gdp6,false
REEF + RIVER AQUARIUM INC.,Brooklyn,NY,aquarium store,1226061,https://data.ny.gov/Government-Finance/Active-Corporations-Beginning-1800/n9v6-gdp6,false
REGAL AQUARIUM INC.,Brooklyn,NY,aquarium store,4050844,https://data.ny.gov/Government-Finance/Active-Corporations-Beginning-1800/n9v6-gdp6,false
SOUTH RIVER AQUARIUM INC.,Brooklyn,NY,aquarium store,5070204,https://data.ny.gov/Government-Finance/Active-Corporations-Beginning-1800/n9v6-gdp6,false
T & R AQUARIUM INC,Brooklyn,NY,aquarium store,5452070,https://data.ny.gov/Government-Finance/Active-Corporations-Beginning-1800/n9v6-gdp6,false
TAMCO AQUARIUM & SUPPLIES INC.,Brooklyn,NY,aquarium store,3384946,https://data.ny.gov/Government-Finance/Active-Corporations-Beginning-1800/n9v6-gdp6,false
TASO AQUARIUMS INC.,Brooklyn,NY,aquarium store,5558561,https://data.ny.gov/Government-Finance/Active-Corporations-Beginning-1800/n9v6-gdp6,false
THOUSAND ISLAND AQUARIUM INC.,Brooklyn,NY,aquarium store,4507937,https://data.ny.gov/Government-Finance/Active-Corporations-Beginning-1800/n9v6-gdp6,false
TROPICAL FISH CORP.,Brooklyn,NY,aquarium store,4934041,https://data.ny.gov/Government-Finance/Active-Corporations-Beginning-1800/n9v6-gdp6,false
"WORLD CLASS AQUARIUM, INC.",Brooklyn,NY,aquarium store,1099556,https://data.ny.gov/Government-Finance/Active-Corporations-Beginning-1800/n9v6-gdp6,false
ZEN AQUARIUMS LLC,Brooklyn,NY,aquarium store,4699661,https://data.ny.gov/Government-Finance/Active-Corporations-Beginning-1800/n9v6-gdp6,false
ZEN FISH & AQUARIUM INC.,Brooklyn,NY,aquarium store,3773889,https://data.ny.gov/Government-Finance/Active-Corporations-Beginning-1800/n9v6-gdp6,false
ONYX AQUARIUMS LLC,Buffalo,NY,aquarium store,5405264,https://data.ny.gov/Government-Finance/Active-Corporations-Beginning-1800/n9v6-gdp6,false
"WATER'S EDGE AQUARIUM SERVICE, INC.",Buffalo,NY,aquarium store,2468972,https://data.ny.gov/Government-Finance/Active-Corporations-Beginning-1800/n9v6-gdp6,false
BREEDERS' SELECT TROPICAL FISH LLC,Carmel,NY,aquarium store,7474974,https://data.ny.gov/Government-Finance/Active-Corporations-Beginning-1800/n9v6-gdp6,false
AQUARIUM THEORY INC,Centereach,NY,aquarium store,4138532,https://data.ny.gov/Government-Finance/Active-Corporations-Beginning-1800/n9v6-gdp6,false
"BEITAL'S AQUARIUMS, LLC",Chestnut Ridge,NY,aquarium store,5477384,https://data.ny.gov/Government-Finance/Active-Corporations-Beginning-1800/n9v6-gdp6,false
"EDDIE'S AQUARIUM CENTRE, INC.",Cohoes,NY,aquarium store,371431,https://data.ny.gov/Government-Finance/Active-Corporations-Beginning-1800/n9v6-gdp6,false
"BLUE MARLIN AQUARIUM DESIGN, INC.",Commack,NY,aquarium store,2405614,https://data.ny.gov/Government-Finance/Active-Corporations-Beginning-1800/n9v6-gdp6,false
DEBONAIR AQUARIUM & PET CORP.,Commack,NY,aquarium store,2924143,https://data.ny.gov/Government-Finance/Active-Corporations-Beginning-1800/n9v6-gdp6,false
"SEA COVE AQUARIUM SERVICE, LLC",Congers,NY,aquarium store,4848773,https://data.ny.gov/Government-Finance/Active-Corporations-Beginning-1800/n9v6-gdp6,false
AQUARIUM WAREHOUSE INC,Copiague,NY,aquarium store,3725133,https://data.ny.gov/Government-Finance/Active-Corporations-Beginning-1800/n9v6-gdp6,false
"DEER PARK AQUARIUM AND PET WORLD, INC.",Dix Hills,NY,aquarium store,1320151,https://data.ny.gov/Government-Finance/Active-Corporations-Beginning-1800/n9v6-gdp6,false
"ELEGANT AQUARIUM EXHIBITS, LLC",E. Setauket,NY,aquarium store,4401919,https://data.ny.gov/Government-Finance/Active-Corporations-Beginning-1800/n9v6-gdp6,false
"AQUARIUM CARE SERVICES, LLC",East Greenbush,NY,aquarium store,6440703,https://data.ny.gov/Government-Finance/Active-Corporations-Beginning-1800/n9v6-gdp6,false
BLAYKES AQUARIUM LLC,East Greenbush,NY,aquarium store,6347235,https://data.ny.gov/Government-Finance/Active-Corporations-Beginning-1800/n9v6-gdp6,false
REEF SHARK AQUARIUM INC,East Meadow,NY,aquarium store,6025654,https://data.ny.gov/Government-Finance/Active-Corporations-Beginning-1800/n9v6-gdp6,false
ISLAND AQUARIUMS LLC,East Northport,NY,aquarium store,7719289,https://data.ny.gov/Government-Finance/Active-Corporations-Beginning-1800/n9v6-gdp6,false
LIVING ART AQUARIUMS LLC,East Quogue,NY,aquarium store,4014931,https://data.ny.gov/Government-Finance/Active-Corporations-Beginning-1800/n9v6-gdp6,false
"SKY FISH AQUARIUMS AND PONDS, INC.",East Setauket,NY,aquarium store,4068225,https://data.ny.gov/Government-Finance/Active-Corporations-Beginning-1800/n9v6-gdp6,false
H2O AQUARIUM INC.,Elmhurst,NY,aquarium store,4368715,https://data.ny.gov/Government-Finance/Active-Corporations-Beginning-1800/n9v6-gdp6,false
A & R REPTILES AND AQUARIUMS LLC,Elmsford,NY,aquarium store,5962866,https://data.ny.gov/Government-Finance/Active-Corporations-Beginning-1800/n9v6-gdp6,false
THE AQUARIUM PEOPLE LLC,Farmingdale,NY,aquarium store,5107564,https://data.ny.gov/Government-Finance/Active-Corporations-Beginning-1800/n9v6-gdp6,false
PETE'S AQUARIUM FISH INC.,Fishkill,NY,aquarium store,4727587,https://data.ny.gov/Government-Finance/Active-Corporations-Beginning-1800/n9v6-gdp6,false
FLUSHING AQUARIUM INC.,Flushing,NY,aquarium store,6590441,https://data.ny.gov/Government-Finance/Active-Corporations-Beginning-1800/n9v6-gdp6,false
KHC AQUARIUM INC.,Flushing,NY,aquarium store,4453322,https://data.ny.gov/Government-Finance/Active-Corporations-Beginning-1800/n9v6-gdp6,false
MONSTER AQUARIUM INC.,Flushing,NY,aquarium store,4421606,https://data.ny.gov/Government-Finance/Active-Corporations-Beginning-1800/n9v6-gdp6,false
NEW YORK REEF AQUATIC INC.,Fresh Meadows,NY,aquarium store,3843912,https://data.ny.gov/Government-Finance/Active-Corporations-Beginning-1800/n9v6-gdp6,false
USA REEF AQUATICS LLC,Fresh Meadows,NY,aquarium store,5880477,https://data.ny.gov/Government-Finance/Active-Corporations-Beginning-1800/n9v6-gdp6,false
"JUST ADD WATER AQUARIUMS, LLC",Garnerville,NY,aquarium store,5892301,https://data.ny.gov/Government-Finance/Active-Corporations-Beginning-1800/n9v6-gdp6,false
JM TROPICAL AQUARIUM INC.,Glen Head,NY,aquarium store,5144917,https://data.ny.gov/Government-Finance/Active-Corporations-Beginning-1800/n9v6-gdp6,false
OCEAN WWAVE AQUARIUM DISTRIBUTORS LLC,Glenmont,NY,aquarium store,6691582,https://data.ny.gov/Government-Finance/Active-Corporations-Beginning-1800/n9v6-gdp6,false
AGE OF AQUARIUMS LLC,Great Neck,NY,aquarium store,3862576,https://data.ny.gov/Government-Finance/Active-Corporations-Beginning-1800/n9v6-gdp6,false
NORTHERN AQUARIUM INC,Great Neck,NY,aquarium store,4986789,https://data.ny.gov/Government-Finance/Active-Corporations-Beginning-1800/n9v6-gdp6,false
"ESV AQUARIUM PRODUCTS, INC.",Hicksville,NY,aquarium store,3357438,https://data.ny.gov/Government-Finance/Active-Corporations-Beginning-1800/n9v6-gdp6,false
J.R. AQUATIC AND REEF INC.,Hicksville,NY,aquarium store,5221886,https://data.ny.gov/Government-Finance/Active-Corporations-Beginning-1800/n9v6-gdp6,false
"TROPICAL AQUARIUM AT HICKSVILLE, INC.",Hicksville,NY,aquarium store,196350,https://data.ny.gov/Government-Finance/Active-Corporations-Beginning-1800/n9v6-gdp6,false
MID-HUDSON AQUARIUM INC.,High Falls,NY,aquarium store,2295723,https://data.ny.gov/Government-Finance/Active-Corporations-Beginning-1800/n9v6-gdp6,false
AQUARIUM SOLUTIONS LLC,Hopewell Junction,NY,aquarium store,5466334,https://data.ny.gov/Government-Finance/Active-Corporations-Beginning-1800/n9v6-gdp6,false
TROPICAL FISH GUYS LLC,Huntington,NY,aquarium store,3815549,https://data.ny.gov/Government-Finance/Active-Corporations-Beginning-1800/n9v6-gdp6,false
"AQUARIUM DESIGNS, INC.",Huntington Station,NY,aquarium store,2986910,https://data.ny.gov/Government-Finance/Active-Corporations-Beginning-1800/n9v6-gdp6,false
ATLANTIS AQUARIUM MAINTENANCE INC.,Huntington Station,NY,aquarium store,2039331,https://data.ny.gov/Government-Finance/Active-Corporations-Beginning-1800/n9v6-gdp6,false
"BILLY B. AQUARIUM, INC.",Huntington Station,NY,aquarium store,318150,https://data.ny.gov/Government-Finance/Active-Corporations-Beginning-1800/n9v6-gdp6,false
FISHLIFE AQUARIUMS LLC,Huntington Station,NY,aquarium store,4476458,https://data.ny.gov/Government-Finance/Active-Corporations-Beginning-1800/n9v6-gdp6,false
AQUATICS AND EXOTICS PET SHOP LLC,Ilion,NY,aquarium store,5221972,https://data.ny.gov/Government-Finance/Active-Corporations-Beginning-1800/n9v6-gdp6,false
SUNLIGHT AQUARIUMS INC.,Island Trees,NY,aquarium store,3323046,https://data.ny.gov/Government-Finance/Active-Corporations-Beginning-1800/n9v6-gdp6,false
AMERICAN AQUARIUM INC.,Jamaica,NY,aquarium store,4147160,https://data.ny.gov/Government-Finance/Active-Corporations-Beginning-1800/n9v6-gdp6,false
"AQUARIUM SAFARI, LLC",Jamaica,NY,aquarium store,7034021,https://data.ny.gov/Government-Finance/Active-Corporations-Beginning-1800/n9v6-gdp6,false
WAVE AQUARIUM LLC,Jamaica,NY,aquarium store,7191597,https://data.ny.gov/Government-Finance/Active-Corporations-Beginning-1800/n9v6-gdp6,false
"CLEARWATER AQUARIUM, INC.",Jamestown,NY,aquarium store,4114775,https://data.ny.gov/Government-Finance/Active-Corporations-Beginning-1800/n9v6-gdp6,false
C'S AQUARIUM LIMITED LIABILITY COMPANY,Kings Park,NY,aquarium store,7278236,https://data.ny.gov/Government-Finance/Active-Corporations-Beginning-1800/n9v6-gdp6,false
APM - AQUARIUM AND POND MAINTENANCE LLC,Kirkville,NY,aquarium store,5277801,https://data.ny.gov/Government-Finance/Active-Corporations-Beginning-1800/n9v6-gdp6,false
RIVER AND REEF AQUARIUM SOLUTIONS LLC,Lagrange,NY,aquarium store,4194756,https://data.ny.gov/Government-Finance/Active-Corporations-Beginning-1800/n9v6-gdp6,false
"MAGEME AQUARIUM, INC.",Long Beach,NY,aquarium store,992605,https://data.ny.gov/Government-Finance/Active-Corporations-Beginning-1800/n9v6-gdp6,false
"NYA AQUARIUMS, INC.",Long Island City,NY,aquarium store,3098299,https://data.ny.gov/Government-Finance/Active-Corporations-Beginning-1800/n9v6-gdp6,false
FANTA-SEA AQUARIUM DESIGN CORP.,Lynbrook,NY,aquarium store,2242408,https://data.ny.gov/Government-Finance/Active-Corporations-Beginning-1800/n9v6-gdp6,false
"AQUARIUMS BY ANTHONY, INC.",Mahopac,NY,aquarium store,3778898,https://data.ny.gov/Government-Finance/Active-Corporations-Beginning-1800/n9v6-gdp6,false
S AND T AQUARIUMS INC.,Massapequa,NY,aquarium store,2883767,https://data.ny.gov/Government-Finance/Active-Corporations-Beginning-1800/n9v6-gdp6,false
"TROPICAL FISH WORLD, INC.",Massapequa,NY,aquarium store,4963448,https://data.ny.gov/Government-Finance/Active-Corporations-Beginning-1800/n9v6-gdp6,false
SALT AIR AQUARIUMS LLC,Mattituck,NY,aquarium store,7356585,https://data.ny.gov/Government-Finance/Active-Corporations-Beginning-1800/n9v6-gdp6,false
"SHORE AQUARIUM SERVICES, INC.",Mays Landing,NY,aquarium store,4039302,https://data.ny.gov/Government-Finance/Active-Corporations-Beginning-1800/n9v6-gdp6,false
"AQUARIUM PROFESSIONALS, INC.",Miller Place,NY,aquarium store,2013730,https://data.ny.gov/Government-Finance/Active-Corporations-Beginning-1800/n9v6-gdp6,false
PRISTINE MARINE AQUARIUMS INC.,Mineola,NY,aquarium store,4794015,https://data.ny.gov/Government-Finance/Active-Corporations-Beginning-1800/n9v6-gdp6,false
AQUARIUM DESIGN NORTHEAST INC,Monroe,NY,aquarium store,3649654,https://data.ny.gov/Government-Finance/Active-Corporations-Beginning-1800/n9v6-gdp6,false
SUPERIOR REEF AQUATIC LLC,Monroe,NY,aquarium store,6019947,https://data.ny.gov/Government-Finance/Active-Corporations-Beginning-1800/n9v6-gdp6,false
OZ REEF & FISH INC.,Mount Kisco,NY,aquarium store,3865475,https://data.ny.gov/Government-Finance/Active-Corporations-Beginning-1800/n9v6-gdp6,false
MAXIMUM REEF AQUATICS INC.,Mount Vernon,NY,aquarium store,3987039,https://data.ny.gov/Government-Finance/Active-Corporations-Beginning-1800/n9v6-gdp6,false
MAXIMUM REEF AQUATICS JR. CORP.,Mount Vernon,NY,aquarium store,4344911,https://data.ny.gov/Government-Finance/Active-Corporations-Beginning-1800/n9v6-gdp6,false
119 AQUARIUM INC,New York,NY,aquarium store,5893678,https://data.ny.gov/Government-Finance/Active-Corporations-Beginning-1800/n9v6-gdp6,false
AQUA REEF AQUATICS INC.,New York,NY,aquarium store,6303479,https://data.ny.gov/Government-Finance/Active-Corporations-Beginning-1800/n9v6-gdp6,false
"AQUARIUM CREATOR'S OFFICE, INC.",New York,NY,aquarium store,4849935,https://data.ny.gov/Government-Finance/Active-Corporations-Beginning-1800/n9v6-gdp6,false
AQUARIUM DESIGN METROPOLITAN LLC,New York,NY,aquarium store,3828531,https://data.ny.gov/Government-Finance/Active-Corporations-Beginning-1800/n9v6-gdp6,false
"AQUARIUS AQUARIUM, INC.",New York,NY,aquarium store,2606717,https://data.ny.gov/Government-Finance/Active-Corporations-Beginning-1800/n9v6-gdp6,false
BIO REEF BOY AQUARIUM SERVICES CORP,New York,NY,aquarium store,5780733,https://data.ny.gov/Government-Finance/Active-Corporations-Beginning-1800/n9v6-gdp6,false
BLUE OCEAN AQUARIUM INC.,New York,NY,aquarium store,2674479,https://data.ny.gov/Government-Finance/Active-Corporations-Beginning-1800/n9v6-gdp6,false
"CREATURE COMFORTS AQUARIUM AND PET SUPPLIES, LLC",New York,NY,aquarium store,2767850,https://data.ny.gov/Government-Finance/Active-Corporations-Beginning-1800/n9v6-gdp6,false
EYEZRED BETTAS LLC,New York,NY,aquarium store,5984332,https://data.ny.gov/Government-Finance/Active-Corporations-Beginning-1800/n9v6-gdp6,false
NEW WORLD AQUARIUM INC.,New York,NY,aquarium store,1711875,https://data.ny.gov/Government-Finance/Active-Corporations-Beginning-1800/n9v6-gdp6,false
OCEANS AQUARIUM NYC LLC,New York,NY,aquarium store,5886409,https://data.ny.gov/Government-Finance/Active-Corporations-Beginning-1800/n9v6-gdp6,false
PACIFIC AQUARIUM INC.,New York,NY,aquarium store,6608936,https://data.ny.gov/Government-Finance/Active-Corporations-Beginning-1800/n9v6-gdp6,false
PERFECTION AQUARIUM CREATIONS INC.,New York,NY,aquarium store,5147227,https://data.ny.gov/Government-Finance/Active-Corporations-Beginning-1800/n9v6-gdp6,false
TIMES SQUARE AQUARIUM LLC,New York,NY,aquarium store,3833050,https://data.ny.gov/Government-Finance/Active-Corporations-Beginning-1800/n9v6-gdp6,false
US AQUARIUMS LLC,New York,NY,aquarium store,4278599,https://data.ny.gov/Government-Finance/Active-Corporations-Beginning-1800/n9v6-gdp6,false
AQUARIUM INNOVATIONS LLC,North Salem,NY,aquarium store,6722551,https://data.ny.gov/Government-Finance/Active-Corporations-Beginning-1800/n9v6-gdp6,false
C & J AQUARIUM LLC,North Salem,NY,aquarium store,4144672,https://data.ny.gov/Government-Finance/Active-Corporations-Beginning-1800/n9v6-gdp6,false
"ADVANCED MARINE AQUATICS, INC.",Oakland Gardens,NY,aquarium store,4733252,https://data.ny.gov/Government-Finance/Active-Corporations-Beginning-1800/n9v6-gdp6,false
APM AQUARIUM INC.,Oakland Gardens,NY,aquarium store,4024829,https://data.ny.gov/Government-Finance/Active-Corporations-Beginning-1800/n9v6-gdp6,false
AQUARIUMS ALIVE L.L.C.,Old Bethpage,NY,aquarium store,3376824,https://data.ny.gov/Government-Finance/Active-Corporations-Beginning-1800/n9v6-gdp6,false
COMPLETE AQUARIUM SERVICES OF LONG ISLAND LTD.,Patchogue,NY,aquarium store,2693534,https://data.ny.gov/Government-Finance/Active-Corporations-Beginning-1800/n9v6-gdp6,false
EMPIRE AQUARIUM GROUP INC.,Plainview,NY,aquarium store,8000057,https://data.ny.gov/Government-Finance/Active-Corporations-Beginning-1800/n9v6-gdp6,false
"CRYSTAL REEF AQUARIUMS, LLC",Putnam Valley,NY,aquarium store,3733922,https://data.ny.gov/Government-Finance/Active-Corporations-Beginning-1800/n9v6-gdp6,false
SUPREME REEF AQUATICS LLC,Rego Park,NY,aquarium store,6803415,https://data.ny.gov/Government-Finance/Active-Corporations-Beginning-1800/n9v6-gdp6,false
"EXOTIC WORLD PET SHOP & AQUARIUM, INC.",Rochester,NY,aquarium store,637318,https://data.ny.gov/Government-Finance/Active-Corporations-Beginning-1800/n9v6-gdp6,false
"FRANK'S AQUARIUM SERVICE, INC.",Rochester,NY,aquarium store,2589214,https://data.ny.gov/Government-Finance/Active-Corporations-Beginning-1800/n9v6-gdp6,false
"AQUARIUM TECHNOLOGIES, LTD.",Rockville Centre,NY,aquarium store,1328658,https://data.ny.gov/Government-Finance/Active-Corporations-Beginning-1800/n9v6-gdp6,false
"BRIAN'S TROPICAL AQUARIUM & PETS, INC.",Rocky Point,NY,aquarium store,815092,https://data.ny.gov/Government-Finance/Active-Corporations-Beginning-1800/n9v6-gdp6,false
CUERVO'S AQUARIUM & POND CARE INC,Rocky Point,NY,aquarium store,4722581,https://data.ny.gov/Government-Finance/Active-Corporations-Beginning-1800/n9v6-gdp6,false
JB EXOTIC AQUARIUM AND PET SUPPLIES INC.,Rosedale,NY,aquarium store,6367623,https://data.ny.gov/Government-Finance/Active-Corporations-Beginning-1800/n9v6-gdp6,false
UNION AQUARIUM LLC,Schenectady,NY,aquarium store,4302307,https://data.ny.gov/Government-Finance/Active-Corporations-Beginning-1800/n9v6-gdp6,false
"SOMETHING FISHY AQUARIUM SALES, INC.",Scotia,NY,aquarium store,1150830,https://data.ny.gov/Government-Finance/Active-Corporations-Beginning-1800/n9v6-gdp6,false
AQUATIC MARINE DESIGNS INC.,Seaford,NY,aquarium store,3080113,https://data.ny.gov/Government-Finance/Active-Corporations-Beginning-1800/n9v6-gdp6,false
HAPPY FISH AQUATICS LLC,Sherrill,NY,aquarium store,7753023,https://data.ny.gov/Government-Finance/Active-Corporations-Beginning-1800/n9v6-gdp6,false
"FAIRMOUNT AQUARIUM & WATER GARDENS, LLC",Skaneateles,NY,aquarium store,2423994,https://data.ny.gov/Government-Finance/Active-Corporations-Beginning-1800/n9v6-gdp6,false
FANTASTIC PETS & AQUARIUMS INC.,Solay,NY,aquarium store,3483725,https://data.ny.gov/Government-Finance/Active-Corporations-Beginning-1800/n9v6-gdp6,false
LZG AQUARIUMS LLC,Spring Valley,NY,aquarium store,5767660,https://data.ny.gov/Government-Finance/Active-Corporations-Beginning-1800/n9v6-gdp6,false
1ST CLASS AQUARIUM INC,Staten Island,NY,aquarium store,5018868,https://data.ny.gov/Government-Finance/Active-Corporations-Beginning-1800/n9v6-gdp6,false
FISHY WORLD AQUARIUM & PET SUPPLIER INC,Staten Island,NY,aquarium store,5174902,https://data.ny.gov/Government-Finance/Active-Corporations-Beginning-1800/n9v6-gdp6,false
LEAVE IT TO US AQUARIUMS INC.,Staten Island,NY,aquarium store,5800598,https://data.ny.gov/Government-Finance/Active-Corporations-Beginning-1800/n9v6-gdp6,false
CICHLID AQUATICS LLC,Stuyvesant,NY,aquarium store,7082247,https://data.ny.gov/Government-Finance/Active-Corporations-Beginning-1800/n9v6-gdp6,false
"MYSTIC BLUE AQUARIUM, LLC",Tonawanda,NY,aquarium store,4749018,https://data.ny.gov/Government-Finance/Active-Corporations-Beginning-1800/n9v6-gdp6,false
AQUARIUM PLANT CENTER INC.,Valley Stream,NY,aquarium store,5814199,https://data.ny.gov/Government-Finance/Active-Corporations-Beginning-1800/n9v6-gdp6,false
"CRYSTAL CLEAR AQUARIUMS, INC.",Valley Stream,NY,aquarium store,1993264,https://data.ny.gov/Government-Finance/Active-Corporations-Beginning-1800/n9v6-gdp6,false
"FINNYAS FINN AQUARIUM, INC.",Van Etten,NY,aquarium store,3016550,https://data.ny.gov/Government-Finance/Active-Corporations-Beginning-1800/n9v6-gdp6,false
JUST SIMPLY AQUARIUMS LLC,Victor,NY,aquarium store,5239067,https://data.ny.gov/Government-Finance/Active-Corporations-Beginning-1800/n9v6-gdp6,false
THE CORAL REEF AQUARIUM.COM INC.,West Babylon,NY,aquarium store,3998729,https://data.ny.gov/Government-Finance/Active-Corporations-Beginning-1800/n9v6-gdp6,false
ROCKLAND AQUARIUM SERVICE II INC.,West Nyack,NY,aquarium store,7257445,https://data.ny.gov/Government-Finance/Active-Corporations-Beginning-1800/n9v6-gdp6,false
"ROCKLAND AQUARIUM SERVICE, INC.",West Nyack,NY,aquarium store,4772356,https://data.ny.gov/Government-Finance/Active-Corporations-Beginning-1800/n9v6-gdp6,false
"KAVEMAN SIGNATURE AQUARIUMS, INC.",Westbury,NY,aquarium store,7789274,https://data.ny.gov/Government-Finance/Active-Corporations-Beginning-1800/n9v6-gdp6,false
NATURAL AQUARIUM COMPANY LLC,Whitesboro,NY,aquarium store,7487193,https://data.ny.gov/Government-Finance/Active-Corporations-Beginning-1800/n9v6-gdp6,false
"UNISPHERE AQUARIUM, INC.",Woodmere,NY,aquarium store,185504,https://data.ny.gov/Government-Finance/Active-Corporations-Beginning-1800/n9v6-gdp6,false
DEEP SEA AQUARIUMS INC,Woodside,NY,aquarium store,3375634,https://data.ny.gov/Government-Finance/Active-Corporations-Beginning-1800/n9v6-gdp6,false
H & L ACRYLIC AQUARIUM INC.,Woodside,NY,aquarium store,3862381,https://data.ny.gov/Government-Finance/Active-Corporations-Beginning-1800/n9v6-gdp6,false
AQUARIUM & CRITTER WAREHOUSE INC.,Yonkers,NY,aquarium store,4299084,https://data.ny.gov/Government-Finance/Active-Corporations-Beginning-1800/n9v6-gdp6,false
AQUARIUMS UNLIMITED INC.,Yonkers,NY,aquarium store,2417760,https://data.ny.gov/Government-Finance/Active-Corporations-Beginning-1800/n9v6-gdp6,false
CENTRAL AQUARIUMS CORP.,Yonkers,NY,aquarium store,4565254,https://data.ny.gov/Government-Finance/Active-Corporations-Beginning-1800/n9v6-gdp6,false
PRESTIGE AQUARIUM INC,Yonkers,NY,aquarium store,5429129,https://data.ny.gov/Government-Finance/Active-Corporations-Beginning-1800/n9v6-gdp6,false
Denver Aquarium Service LLC,Arvada,CO,aquarium store,20211253051,https://data.colorado.gov/Business/Business-Entities-in-Colorado/4ykn-tg5h,false
"Colorado Aquarium Wholesale, LLC",Aurora,CO,aquarium store,20211033573,https://data.colorado.gov/Business/Business-Entities-in-Colorado/4ykn-tg5h,false
SUMMIT REEF AQUARIUMS LLC,Aurora,CO,aquarium store,20251975262,https://data.colorado.gov/Business/Business-Entities-in-Colorado/4ykn-tg5h,false
Davy Jones Aquarium Services L.L.C,Black Hawk,CO,aquarium store,20258415097,https://data.colorado.gov/Business/Business-Entities-in-Colorado/4ykn-tg5h,false
Tidy Tank Aquarium Services LLC,Centennial,CO,aquarium store,20221684224,https://data.colorado.gov/Business/Business-Entities-in-Colorado/4ykn-tg5h,false
"Atmosphere Aquariums, LLC",Craig,CO,aquarium store,20151232077,https://data.colorado.gov/Business/Business-Entities-in-Colorado/4ykn-tg5h,false
Aspen Reef & Aquarium LLC,Denver,CO,aquarium store,20211954986,https://data.colorado.gov/Business/Business-Entities-in-Colorado/4ykn-tg5h,false
Integrated Aquarium Design LLC,Denver,CO,aquarium store,20258211999,https://data.colorado.gov/Business/Business-Entities-in-Colorado/4ykn-tg5h,false
"Aquarius Aquarium Maintenance, LLC",Grand Junction,CO,aquarium store,20171105415,https://data.colorado.gov/Business/Business-Entities-in-Colorado/4ykn-tg5h,false
"WESTERN SLOPE AQUATICS & PETS, INC.",Grand Junction,CO,aquarium store,19971067159,https://data.colorado.gov/Business/Business-Entities-in-Colorado/4ykn-tg5h,false
San Juan Aquarium Services llc,Montrose,CO,aquarium store,20258129501,https://data.colorado.gov/Business/Business-Entities-in-Colorado/4ykn-tg5h,false
"All Seas Aquarium Service, LLC",Parker,CO,aquarium store,20251791060,https://data.colorado.gov/Business/Business-Entities-in-Colorado/4ykn-tg5h,false
"CORAL FISH HAWAII, INC.",Aiea,HI,aquarium store,82752 D1,https://data.honolulu.gov/Business/Hawaii-Business-Registration/9k54-ztb8,false
"HAWAII TROPICAL FISH GARDENS, INC.",Honomu,HI,aquarium store,264108 D1,https://data.honolulu.gov/Business/Hawaii-Business-Registration/9k54-ztb8,false
ALOHA AQUARIUM L.L.C.,Kaneohe,HI,aquarium store,40325 C5,https://data.honolulu.gov/Business/Hawaii-Business-Registration/9k54-ztb8,false
ALOHA TROPICAL FISH,Kaneohe,HI,aquarium store,396718 ZZ,https://data.honolulu.gov/Business/Hawaii-Business-Registration/9k54-ztb8,false
KAUAI AQUARIUMS SUPPLIES AND SERVICES,Kapa'A,HI,aquarium store,437862 ZZ,https://data.honolulu.gov/Business/Hawaii-Business-Registration/9k54-ztb8,false
HAWAII TROPICAL FISH COMPANY,Kealakekua,HI,aquarium store,408091 ZZ,https://data.honolulu.gov/Business/Hawaii-Business-Registration/9k54-ztb8,false
NATURAL AQUARIUM MAINTENANCE,Corvallis,OR,aquarium store,251598893,https://data.oregon.gov/business/Active-Businesses-ALL/tckn-sxa6,false
"CUSTOM AQUARIUMS AND MAINTENANCE, INC.",Eagle Point,OR,aquarium store,73298797,https://data.oregon.gov/business/Active-Businesses-ALL/tckn-sxa6,false
"AQUARIUM SERVICES AND SYSTEMS, LLC",Eugene,OR,aquarium store,3195799,https://data.oregon.gov/business/Active-Businesses-ALL/tckn-sxa6,false
PISCES NATURE AQUARIUM SUPPLY LLC,Eugene,OR,aquarium store,174145590,https://data.oregon.gov/business/Active-Businesses-ALL/tckn-sxa6,false
THE AQUARIUM STORE,Eugene,OR,aquarium store,126580992,https://data.oregon.gov/business/Active-Businesses-ALL/tckn-sxa6,false
TRIPPY FISH AQUATICS,Eugene,OR,aquarium store,236406591,https://data.oregon.gov/business/Active-Businesses-ALL/tckn-sxa6,false
EATON AQUARIUMS,Grants Pass,OR,aquarium store,237220199,https://data.oregon.gov/business/Active-Businesses-ALL/tckn-sxa6,false
"NW TROPICAL FISH WHOLESALE, LLC",Gresham,OR,aquarium store,151685295,https://data.oregon.gov/business/Active-Businesses-ALL/tckn-sxa6,false
PORTLAND AQUARIUM MAINTENANCE LLC,Hillsboro,OR,aquarium store,257789397,https://data.oregon.gov/business/Active-Businesses-ALL/tckn-sxa6,false
HOLLYWOOD AQUARIUMS,Lake Oswego,OR,aquarium store,84275693,https://data.oregon.gov/business/Active-Businesses-ALL/tckn-sxa6,false
AQUARIUM MAINTENANCE PROS LLC,Portland,OR,aquarium store,83774290,https://data.oregon.gov/business/Active-Businesses-ALL/tckn-sxa6,false
AQUARIUM SERVICES OF OREGON LLC.,Portland,OR,aquarium store,128841095,https://data.oregon.gov/business/Active-Businesses-ALL/tckn-sxa6,false
BORING AQUARIUM DESIGN LLC,Portland,OR,aquarium store,247313497,https://data.oregon.gov/business/Active-Businesses-ALL/tckn-sxa6,false
BRIDGE CITY AQUARIUM LLC,Portland,OR,aquarium store,99455892,https://data.oregon.gov/business/Active-Businesses-ALL/tckn-sxa6,false
"THE RAY AQUARIUMS, LLC",Portland,OR,aquarium store,253648498,https://data.oregon.gov/business/Active-Businesses-ALL/tckn-sxa6,false
THE WET SPOT TROPICAL FISH,Portland,OR,aquarium store,71341888,https://data.oregon.gov/business/Active-Businesses-ALL/tckn-sxa6,false
ALL THINGS AQUARIUMS,Salem,OR,aquarium store,116889197,https://data.oregon.gov/business/Active-Businesses-ALL/tckn-sxa6,false
"BLACK CORAL AQUATICS, LLC",Salem,OR,aquarium store,227892999,https://data.oregon.gov/business/Active-Businesses-ALL/tckn-sxa6,false
CONNORS AQUARIUM CLEANING LLC,Springfield,OR,aquarium store,209029099,https://data.oregon.gov/business/Active-Businesses-ALL/tckn-sxa6,false
"ACCENT AQUARIUM SERVICE, LLC",Wilsonville,OR,aquarium store,17737891,https://data.oregon.gov/business/Active-Businesses-ALL/tckn-sxa6,false
Hub City Koi & Reptiles,Crestview,FL,aquarium store,3702621,https://forms.agr.georgia.gov/LicenseSearch,false
"KOL KOI, INC",Kennesaw,GA,aquarium store,3696465,https://forms.agr.georgia.gov/LicenseSearch,false
ATLANTA KOI & POND,Marietta,GA,aquarium store,36102072,https://forms.agr.georgia.gov/LicenseSearch,false
QUEENS DISCUS HOUSE INC.,Elmhurst,NY,aquarium store,3480055,https://data.ny.gov/Government-Finance/Active-Corporations-Beginning-1800/n9v6-gdp6,false
JAMAICA FISH WORLD CORP.,Jamaica,NY,aquarium store,5272538,https://data.ny.gov/Government-Finance/Active-Corporations-Beginning-1800/n9v6-gdp6,false
"FISH WORLD II, INC.",Richmond Hill,NY,aquarium store,2942260,https://data.ny.gov/Government-Finance/Active-Corporations-Beginning-1800/n9v6-gdp6,false
"SANTAREM DISCUS USA, LLC",Yonkers,NY,aquarium store,6290674,https://data.ny.gov/Government-Finance/Active-Corporations-Beginning-1800/n9v6-gdp6,false
"ATLANTIS TROPICAL FISH HATCHERY, INC.",Highland,NY,aquarium store,1576814,https://data.ny.gov/Government-Finance/Active-Corporations-Beginning-1800/n9v6-gdp6,false
NIAGARA AQUARIUM CO. INC.,Kenmore,NY,aquarium store,248463,https://data.ny.gov/Government-Finance/Active-Corporations-Beginning-1800/n9v6-gdp6,false
AQUARIUMFISHMAN INC.,Flushing,NY,aquarium store,7151054,https://data.ny.gov/Government-Finance/Active-Corporations-Beginning-1800/n9v6-gdp6,false
"Keystone Aquaria, Llc",Kingston,PA,aquarium store,0004110400,https://data.pa.gov/Licenses-Certificates/Registered-Businesses-in-PA-Current-by-County-Depa/xvd7-5r2c,false
Fish World Ltd.,Villanova,PA,aquarium store,0000712763,https://data.pa.gov/Licenses-Certificates/Registered-Businesses-in-PA-Current-by-County-Depa/xvd7-5r2c,false
mile high cichlid enterprises LLC,Aurora,CO,aquarium store,20241187016,https://data.colorado.gov/Business/Business-Entities-in-Colorado/4ykn-tg5h,false
Cosmic Aquarium Egypt For Ornament Fishes LLC (CO),Denver,CO,aquarium store,20261162560,https://data.colorado.gov/Business/Business-Entities-in-Colorado/4ykn-tg5h,false
DenCOdiscus,Denver,CO,aquarium store,20201604078,https://data.colorado.gov/Business/Business-Entities-in-Colorado/4ykn-tg5h,false
DREAM AQUARIA,Beaverton,OR,aquarium store,241111095,https://data.oregon.gov/business/Active-Businesses-ALL/tckn-sxa6,false
"THE CICHLID EXCHANGE, INC.",Portland,OR,aquarium store,15613193,https://data.oregon.gov/business/Active-Businesses-ALL/tckn-sxa6,false
BEAUTIFUL BETTA'S HAWAI`I,Papaikou,HI,aquarium store,397666 ZZ,https://data.honolulu.gov/Business/Hawaii-Business-Registration/9k54-ztb8,false
"MARINE FISH HAWAII, LLC",Aiea,HI,aquarium store,76409 C5,https://data.honolulu.gov/Business/Hawaii-Business-Registration/9k54-ztb8,false
Secret Garden Koi Llc,Allison Park,PA,aquarium store,0014754244,https://data.pa.gov/Licenses-Certificates/Registered-Businesses-in-PA-Current-by-County-Depa/xvd7-5r2c,false
Planted Addiction Llc,Brockway,PA,aquarium store,0014630023,https://data.pa.gov/Licenses-Certificates/Registered-Businesses-in-PA-Current-by-County-Depa/xvd7-5r2c,false
Bettas-r-us Llc,Coatesville,PA,aquarium store,0007220859,https://data.pa.gov/Licenses-Certificates/Registered-Businesses-in-PA-Current-by-County-Depa/xvd7-5r2c,false
"Exotic Aquatics, Inc.",Downingtown,PA,aquarium store,0002652488,https://data.pa.gov/Licenses-Certificates/Registered-Businesses-in-PA-Current-by-County-Depa/xvd7-5r2c,false
East Exotic Aquatics Llc,Greensburg,PA,aquarium store,0007590499,https://data.pa.gov/Licenses-Certificates/Registered-Businesses-in-PA-Current-by-County-Depa/xvd7-5r2c,false
"Kay's Aquapet, Inc.",Hazleton,PA,aquarium store,0000778092,https://data.pa.gov/Licenses-Certificates/Registered-Businesses-in-PA-Current-by-County-Depa/xvd7-5r2c,false
"Central Penn Cichlid and Supply, Llc",Lancaster,PA,aquarium store,0000573124,https://data.pa.gov/Licenses-Certificates/Registered-Businesses-in-PA-Current-by-County-Depa/xvd7-5r2c,false
"Momma's Koi, Llc",Mifflinburg,PA,aquarium store,0013977941,https://data.pa.gov/Licenses-Certificates/Registered-Businesses-in-PA-Current-by-County-Depa/xvd7-5r2c,false
Willow Brook Koi Llc,Narvon,PA,aquarium store,0015016861,https://data.pa.gov/Licenses-Certificates/Registered-Businesses-in-PA-Current-by-County-Depa/xvd7-5r2c,false
"The Reef Gallery, Llc",New Castle,PA,aquarium store,0004304767,https://data.pa.gov/Licenses-Certificates/Registered-Businesses-in-PA-Current-by-County-Depa/xvd7-5r2c,false
"Exotic Koi and Other Fish, Inc.",Philadelphia,PA,aquarium store,0002859668,https://data.pa.gov/Licenses-Certificates/Registered-Businesses-in-PA-Current-by-County-Depa/xvd7-5r2c,false
"The Reef Gallery, a Limited Liability Compnay",Valencia,PA,aquarium store,0006832995,https://data.pa.gov/Licenses-Certificates/Registered-Businesses-in-PA-Current-by-County-Depa/xvd7-5r2c,false
"Saltwater Shop, Llc",Warminster,PA,aquarium store,0006711265,https://data.pa.gov/Licenses-Certificates/Registered-Businesses-in-PA-Current-by-County-Depa/xvd7-5r2c,false
Millbrook Fancy Fish and Koi Company,Warrington,PA,aquarium store,0002649653,https://data.pa.gov/Licenses-Certificates/Registered-Businesses-in-PA-Current-by-County-Depa/xvd7-5r2c,false
NEXT DAY KOI INC,Kernersville,NC,aquarium store,67**8862,https://data.pa.gov/Licenses-Certificates/Sales-Use-Hotel-Occupancy-Tax-Licenses-and-Certifi/ugeq-ckxd,false
EXOTIC AQUATIC PETS & MORE,Berwick,PA,aquarium store,95**1402,https://data.pa.gov/Licenses-Certificates/Sales-Use-Hotel-Occupancy-Tax-Licenses-and-Certifi/ugeq-ckxd,false
ALLEGANY KOI &AQUATICS LLC,Bradford,PA,aquarium store,67**8438,https://data.pa.gov/Licenses-Certificates/Sales-Use-Hotel-Occupancy-Tax-Licenses-and-Certifi/ugeq-ckxd,false
AQUA PET CENTRAL LLC,Albany,NY,aquarium store,6941313,https://data.ny.gov/Government-Finance/Active-Corporations-Beginning-1800/n9v6-gdp6,false
GUPPY SUPPLY LLC,Albany,NY,aquarium store,7998777,https://data.ny.gov/Government-Finance/Active-Corporations-Beginning-1800/n9v6-gdp6,false
"THE FISH BOWL PET SHOP, INC.",Amityville,NY,aquarium store,2470506,https://data.ny.gov/Government-Finance/Active-Corporations-Beginning-1800/n9v6-gdp6,false
ACUARIO MAINTENANCE SERVICES CORP.,Bronx,NY,aquarium store,7530419,https://data.ny.gov/Government-Finance/Active-Corporations-Beginning-1800/n9v6-gdp6,false
"MARKSDISCUS, CORP.",Brooklyn,NY,aquarium store,3934620,https://data.ny.gov/Government-Finance/Active-Corporations-Beginning-1800/n9v6-gdp6,false
KUCIELSCICHLIDS LLC,Buffalo,NY,aquarium store,7964441,https://data.ny.gov/Government-Finance/Active-Corporations-Beginning-1800/n9v6-gdp6,false
"LONG ISLAND KOI COMPANY, INC.",East Northport,NY,aquarium store,2121104,https://data.ny.gov/Government-Finance/Active-Corporations-Beginning-1800/n9v6-gdp6,false
"AWE AQUATIC WORLD ENTERPRISES, INC.",Flushing,NY,aquarium store,2809613,https://data.ny.gov/Government-Finance/Active-Corporations-Beginning-1800/n9v6-gdp6,false
"DALEWOOD AQUA PET, INC.",Hartsdale,NY,aquarium store,282442,https://data.ny.gov/Government-Finance/Active-Corporations-Beginning-1800/n9v6-gdp6,false
PHILLIPS EXOTIC AQUATICS LLC,Hempstead,NY,aquarium store,4551793,https://data.ny.gov/Government-Finance/Active-Corporations-Beginning-1800/n9v6-gdp6,false
ACUARIO CRAFTSMAN INC.,Jackson Heights,NY,aquarium store,5158194,https://data.ny.gov/Government-Finance/Active-Corporations-Beginning-1800/n9v6-gdp6,false
"AQUATIC WORLD OF NORTH SYRACUSE, INC.",N Syracuse,NY,aquarium store,2778688,https://data.ny.gov/Government-Finance/Active-Corporations-Beginning-1800/n9v6-gdp6,false
THE REEF SHOPPE CORPORATION,New York,NY,aquarium store,4728010,https://data.ny.gov/Government-Finance/Active-Corporations-Beginning-1800/n9v6-gdp6,false
LEGEND BONSAI & KOI LLC,Newburgh,NY,aquarium store,5657794,https://data.ny.gov/Government-Finance/Active-Corporations-Beginning-1800/n9v6-gdp6,false
"EXOTIC AQUATICS, LTD.",Queensbury,NY,aquarium store,3090591,https://data.ny.gov/Government-Finance/Active-Corporations-Beginning-1800/n9v6-gdp6,false
E & J FISHWORLD INC.,Richmond Hill,NY,aquarium store,3891974,https://data.ny.gov/Government-Finance/Active-Corporations-Beginning-1800/n9v6-gdp6,false
JAYS EXOTIC AQUATICS LLC,Staten Island,NY,aquarium store,6619647,https://data.ny.gov/Government-Finance/Active-Corporations-Beginning-1800/n9v6-gdp6,false
GARDEN STATE KOI & AQUATIC CENTER LLC,Warwick,NY,aquarium store,2248974,https://data.ny.gov/Government-Finance/Active-Corporations-Beginning-1800/n9v6-gdp6,false
"LONG ISLAND KOI GUY, INC.",West Islip,NY,aquarium store,4669839,https://data.ny.gov/Government-Finance/Active-Corporations-Beginning-1800/n9v6-gdp6,false
KOI PET INC.,Whitestone,NY,aquarium store,6205084,https://data.ny.gov/Government-Finance/Active-Corporations-Beginning-1800/n9v6-gdp6,false
"AJ GUPPY, LLC",Aloha,OR,aquarium store,45852498,https://data.oregon.gov/business/Active-Businesses-ALL/tckn-sxa6,false
JV'S BETTA HOUSE LLC,Beaverton,OR,aquarium store,211213590,https://data.oregon.gov/business/Active-Businesses-ALL/tckn-sxa6,false
PNW BETTAS LLC,Corvallis,OR,aquarium store,181714198,https://data.oregon.gov/business/Active-Businesses-ALL/tckn-sxa6,false
PISCES AQUARIA,Eugene,OR,aquarium store,238283196,https://data.oregon.gov/business/Active-Businesses-ALL/tckn-sxa6,false
"SALTWATER OBSESSIONS - PDX, INC.",Gresham,OR,aquarium store,192722198,https://data.oregon.gov/business/Active-Businesses-ALL/tckn-sxa6,false
"ALL JAPAN KOI, LLC",Hillsboro,OR,aquarium store,67025396,https://data.oregon.gov/business/Active-Businesses-ALL/tckn-sxa6,false
"BETTA'S COVE, LLC",Lincoln City,OR,aquarium store,111112298,https://data.oregon.gov/business/Active-Businesses-ALL/tckn-sxa6,false
FANCY FISH AND AQUASCAPES LLC,Lincoln City,OR,aquarium store,219947496,https://data.oregon.gov/business/Active-Businesses-ALL/tckn-sxa6,false
LIVING WATER KOI LLC,Oregon City,OR,aquarium store,143081297,https://data.oregon.gov/business/Active-Businesses-ALL/tckn-sxa6,false
RISING SUN KOI,Portland,OR,aquarium store,31013196,https://data.oregon.gov/business/Active-Businesses-ALL/tckn-sxa6,false
KOIFISHESUSA INCORPORATED,Honolulu,HI,aquarium store,272539 D1,https://data.honolulu.gov/Business/Hawaii-Business-Registration/9k54-ztb8,false
NIKKEI KOI L.L.C.,Honolulu,HI,aquarium store,35925 C5,https://data.honolulu.gov/Business/Hawaii-Business-Registration/9k54-ztb8,false
AQUARIUM LLC,McLean,VA,aquarium store,4426579,https://data.ny.gov/Government-Finance/Active-Corporations-Beginning-1800/n9v6-gdp6,false
AQUARIA GK LLC,Denver,CO,aquarium store,20021138805,https://data.colorado.gov/Business/Business-Entities-in-Colorado/4ykn-tg5h,false
"DEXTER'S REEF LAB, LLC",West Chester,OH,aquarium store,09000591,https://analytics.das.ohio.gov/t/TAXPUB/views/OhioActiveCountyVendorLicenseAccounts/ActiveSalesTaxAccounts,false
CINCINNATI CORAL AND AQUARIUM,West Chester,OH,aquarium store,09083915,https://analytics.das.ohio.gov/t/TAXPUB/views/OhioActiveCountyVendorLicenseAccounts/ActiveSalesTaxAccounts,false
"JURASSIC AQUATICS AND PETS, INC.",Cleveland,OH,aquarium store,18495713,https://analytics.das.ohio.gov/t/TAXPUB/views/OhioActiveCountyVendorLicenseAccounts/ActiveSalesTaxAccounts,false
BLUE FISH AQUARIUM LLC,Lyndhurst,OH,aquarium store,18507408,https://analytics.das.ohio.gov/t/TAXPUB/views/OhioActiveCountyVendorLicenseAccounts/ActiveSalesTaxAccounts,false
AQUATICS & EXOTICS INC,Cincinnati,OH,aquarium store,31267723,https://analytics.das.ohio.gov/t/TAXPUB/views/OhioActiveCountyVendorLicenseAccounts/ActiveSalesTaxAccounts,false
AQUARIUM ARTISANS,Springdale,OH,aquarium store,31390886,https://analytics.das.ohio.gov/t/TAXPUB/views/OhioActiveCountyVendorLicenseAccounts/ActiveSalesTaxAccounts,false
TANK MATES AQUATICS INC,Perry,OH,aquarium store,43000607,https://analytics.das.ohio.gov/t/TAXPUB/views/OhioActiveCountyVendorLicenseAccounts/ActiveSalesTaxAccounts,false
CLASSIC AQUARIUMS LLC,North Ridgeville,OH,aquarium store,47080979,https://analytics.das.ohio.gov/t/TAXPUB/views/OhioActiveCountyVendorLicenseAccounts/ActiveSalesTaxAccounts,false
AQUARIUM WORLD OF SYLVANIA LLC,Sylvania,OH,aquarium store,48001661,https://analytics.das.ohio.gov/t/TAXPUB/views/OhioActiveCountyVendorLicenseAccounts/ActiveSalesTaxAccounts,false
"AQUARIUM WORLD, LLC",Sylvania,OH,aquarium store,48483993,https://analytics.das.ohio.gov/t/TAXPUB/views/OhioActiveCountyVendorLicenseAccounts/ActiveSalesTaxAccounts,false
THE FORGOTTEN REEF LLC,Marion,OH,aquarium store,51800012,https://analytics.das.ohio.gov/t/TAXPUB/views/OhioActiveCountyVendorLicenseAccounts/ActiveSalesTaxAccounts,false
PRECISION AQUATICS & REEFS LLC,Valley City,OH,aquarium store,52000971,https://analytics.das.ohio.gov/t/TAXPUB/views/OhioActiveCountyVendorLicenseAccounts/ActiveSalesTaxAccounts,false
"GERBER'S TROPICAL FISH, INC.",Dayton,OH,aquarium store,57183925,https://analytics.das.ohio.gov/t/TAXPUB/views/OhioActiveCountyVendorLicenseAccounts/ActiveSalesTaxAccounts,false
LADYFISH AQUATICS LLP,Trotwood,OH,aquarium store,57207085,https://analytics.das.ohio.gov/t/TAXPUB/views/OhioActiveCountyVendorLicenseAccounts/ActiveSalesTaxAccounts,false
